1 Up;creative;south;cheap
1000 BC (Before Coffee);creative;south;moderate
409 coffee;creative;south;expensive
A Brisket a Tasket;creative;west;cheap
A Day Latte;creative;west;moderate
Above Bored;creative;west;expensive
Absalom;creative;north;cheap
Acacia Saint;creative;north;moderate
Acapulco Gold;creative;north;expensive
Achilles;creative;east;cheap
Acorn Palace;creative;east;moderate
Aesthetic Bug;creative;east;expensive
Affecté;creative;centre;cheap
Affluential;creative;centre;moderate
After Giggle;creative;centre;expensive
Aftertizer;creative;bombay;cheap
Aglaya;creative;bombay;moderate
Ahui;creative;bombay;expensive
Al Fresco;creative;madrid;cheap
Alcohol & Archery;creative;madrid;moderate
Alephant;creative;madrid;expensive
Alluvia;creative;london;cheap
American Whey;creative;london;moderate
Amygdala Lounge;creative;london;expensive
Anacho;creative;rome;cheap
Anavenetro;creative;rome;moderate
Angel Walk;creative;rome;expensive
Anivet;modern european;south;cheap
Anixang;modern european;south;moderate
Anocha;modern european;south;expensive
Antimatter;modern european;west;cheap
Aquacine;modern european;west;moderate
Aquafire;modern european;west;expensive
Aquasseur;modern european;north;cheap
Aquazure;modern european;north;moderate
Aquoavo;modern european;north;expensive
Arctica;modern european;east;cheap
Armadillo Debutante;modern european;east;moderate
Armadillo Plates;modern european;east;expensive
Aroma Borealis;modern european;centre;cheap
Aromastotle;modern european;centre;moderate
Arotiaka;modern european;centre;expensive
Artvark;modern european;bombay;cheap
AstroCoffee;modern european;bombay;moderate
Atomic Coffee;modern european;bombay;expensive
Atomic Donut;modern european;madrid;cheap
Attila Taco;modern european;madrid;moderate
Attila the Honey Bee;modern european;madrid;expensive
Augrés;modern european;london;cheap
Aura Imploring Alice;modern european;london;moderate
Avalunch;modern european;london;expensive
Baba Rum;modern european;rome;cheap
Bacon Dump;modern european;rome;moderate
Bagel Bandit;modern european;rome;expensive
Bagel Brain;venetian;south;cheap
Bagel Palace;venetian;south;moderate
Balkan Beef;venetian;south;expensive
Ball Lightning;venetian;west;cheap
Bambi Planet;venetian;west;moderate
Bamboolong;venetian;west;expensive
Banana Cabana;venetian;north;cheap
Bandits;venetian;north;moderate
Bandwidth and Bagels;venetian;north;expensive
Banjo Pancake;venetian;east;cheap
Bapoon;venetian;east;moderate
Bar Flight;venetian;east;expensive
Bard Breath;venetian;centre;cheap
Bard’s Bench;venetian;centre;moderate
Barn Baby Burn;venetian;centre;expensive
BBQ Force;venetian;bombay;cheap
Bear Claws and Bagels;venetian;bombay;moderate
bEarth;venetian;bombay;expensive
Bee Salt;venetian;madrid;cheap
Beef Blackout;venetian;madrid;moderate
Beef Bowl Buddha;venetian;madrid;expensive
Beef Bowl Knoll;venetian;london;cheap
Beef Burden;venetian;london;moderate
Beef Easy;venetian;london;expensive
Beef Storm;venetian;rome;cheap
Beefbelly;venetian;rome;moderate
BeefShock;venetian;rome;expensive
Beer Bunker;indian;south;cheap
Beer in Mind;indian;south;moderate
Before Coffee;indian;south;expensive
Bela Bite;indian;west;cheap
Belagossi;indian;west;moderate
Bella Figala;indian;west;expensive
Bella’s;indian;north;cheap
Belle’ Pepper;indian;north;moderate
Belly-flop Buffet;indian;north;expensive
Beluga Bandit;indian;east;cheap
Beluga Banjo;indian;east;moderate
Beluga Joe’s;indian;east;expensive
Benephisto;indian;centre;cheap
Bengal Bagel;indian;centre;moderate
Bennie’s Fishery;indian;centre;expensive
Bid and Ask;indian;bombay;cheap
Big Bottom Beefworks;indian;bombay;moderate
Big Juicy;indian;bombay;expensive
BigWay;indian;madrid;cheap
Bindewald’s Kitchen;indian;madrid;moderate
Bing Bang’s;indian;madrid;expensive
Bingo Binge;indian;london;cheap
Bingo Bingo;indian;london;moderate
Birmingham Sandwiches;indian;london;expensive
Bitter Plaid;indian;rome;cheap
Black Velvet Mauve;indian;rome;moderate
Blan-Diego’s;indian;rome;expensive
Bleached Peach;welsh;south;cheap
Bleeko;welsh;south;moderate
Blind Carbos;welsh;south;expensive
Blink Tank;welsh;west;cheap
Bloat;welsh;west;moderate
Blooming Maguey;welsh;west;expensive
Bloomsbury Pie;welsh;north;cheap
Blue Ball;welsh;north;moderate
Blue Horizon;welsh;north;expensive
Bluez;welsh;east;cheap
Bob Cratchett;welsh;east;moderate
Bob Mutton;welsh;east;expensive
Boil Head;welsh;centre;cheap
Boo;welsh;centre;moderate
BoozeBelly;welsh;centre;expensive
Boozo;welsh;bombay;cheap
Bourbon Bliss;welsh;bombay;moderate
Bovine Oligarchy;welsh;bombay;expensive
Bowl and Bladder;welsh;madrid;cheap
Boy;welsh;madrid;moderate
Bravo;welsh;madrid;expensive
Brewed Attitude;welsh;london;cheap
Brewsome Tuscon;welsh;london;moderate
Bring it!;welsh;london;expensive
Broadway Imperative;welsh;rome;cheap
Broadway Wellborne;welsh;rome;moderate
Brood Coffee;welsh;rome;expensive
Brunchilli;british;south;cheap
Buddha Bait;british;south;moderate
Buddha Bite;british;south;expensive
Buddha Bowl;british;west;cheap
Buddha Bread;british;west;moderate
Buddha My;british;west;expensive
Buffalo Roman;british;north;cheap
Bug Gloss;british;north;moderate
Bugdance;british;north;expensive
Bulldog and Crotch;british;east;cheap
Bulljuice;british;east;moderate
Burger Glory;british;east;expensive
Burnt Offerings;british;centre;cheap
Butter;british;centre;moderate
Butter and Grace;british;centre;expensive
Butter Butt;british;bombay;cheap
Butter;british;bombay;moderate
Buttercut;british;bombay;expensive
ButterFish;british;madrid;cheap
Buzz Factory;british;madrid;moderate
Cabooze;british;madrid;expensive
CactiCoffee;british;london;cheap
Cafe Biz;british;london;moderate
Cafe Brood;british;london;expensive
Cafe Constant;british;rome;cheap
Cafe Conundrum;british;rome;moderate
Cafe de Vivre;british;rome;expensive
Cafe Debutant;scandinavian;south;cheap
Cafe Elmo;scandinavian;south;moderate
Cafe Fin;scandinavian;south;expensive
Cafe Foam;scandinavian;west;cheap
Cafe Happenstance;scandinavian;west;moderate
Cafe Inc.;scandinavian;west;expensive
Cafe Kundalini;scandinavian;north;cheap
Cafe Lectern;scandinavian;north;moderate
Cafe Lunch;scandinavian;north;expensive
Cafe Nate;scandinavian;east;cheap
Cafe Neitsche;scandinavian;east;moderate
Cafe Niche;scandinavian;east;expensive
Cafe Plutarch;scandinavian;centre;cheap
Cafe Response;scandinavian;centre;moderate
Cafe Stuff’t;scandinavian;centre;expensive
Cafe TM;scandinavian;bombay;cheap
Cafe Visual;scandinavian;bombay;moderate
Caffeine Conscience;scandinavian;bombay;expensive
Caffeine Conscious;scandinavian;madrid;cheap
Caffeine Serene;scandinavian;madrid;moderate
Caffeine Wall;scandinavian;madrid;expensive
Caffeinspiration;scandinavian;london;cheap
Cajun Trapper;scandinavian;london;moderate
Cajun-Sation;scandinavian;london;expensive
Call it Green;scandinavian;rome;cheap
Caloria;scandinavian;rome;moderate
Campers;scandinavian;rome;expensive
Candy Ask;asian oriental;south;cheap
Candy Candy!;asian oriental;south;moderate
Candy Palanquin;asian oriental;south;expensive
Canton Silk;asian oriental;west;cheap
Capers;asian oriental;west;moderate
Capricorn;asian oriental;west;expensive
Captain Fennel;asian oriental;north;cheap
Captain Sincerity;asian oriental;north;moderate
Carbo Lode;asian oriental;north;expensive
Carnal Cafe;asian oriental;east;cheap
Carnal Sanders;asian oriental;east;moderate
Carnivore Heaven;asian oriental;east;expensive
Carnivortex;asian oriental;centre;cheap
Carrot Smiles;asian oriental;centre;moderate
Caruso;asian oriental;centre;expensive
Carver’s Cut;asian oriental;bombay;cheap
Cash;asian oriental;bombay;moderate
Cash Cow;asian oriental;bombay;expensive
Cattle on Fire;asian oriental;madrid;cheap
Cattle Prod;asian oriental;madrid;moderate
Celery Dreams;asian oriental;madrid;expensive
Celeste;asian oriental;london;cheap
Celestial Pudding;asian oriental;london;moderate
Cellular Cafe;asian oriental;london;expensive
Central Pork;asian oriental;rome;cheap
Chalk and Stars;asian oriental;rome;moderate
Chap and Spur;asian oriental;rome;expensive
Chateau Low-blow;afghan;south;cheap
Chaucer’s Choice;afghan;south;moderate
Cheeky;afghan;south;expensive
Cheese Picnic;afghan;west;cheap
CheeseQuest;afghan;west;moderate
Cheeze Panic;afghan;west;expensive
Chen On Soso;afghan;north;cheap
Chernobyl;afghan;north;moderate
Chevre;afghan;north;expensive
Chew;afghan;east;cheap
Chez Castaway;afghan;east;moderate
Chez Kicks;afghan;east;expensive
Chez Maggie;afghan;centre;cheap
Chez Moi;afghan;centre;moderate
Chez Naïveté;afghan;centre;expensive
Chez Too;afghan;bombay;cheap
Chiggers;afghan;bombay;moderate
Chin Chin;afghan;bombay;expensive
Chipotle Power;afghan;madrid;cheap
Chocolate Bondage;afghan;madrid;moderate
Chocolate Mussolini;afghan;madrid;expensive
Chomsky;afghan;london;cheap
Choo Choo;afghan;london;moderate
Chorus;afghan;london;expensive
Christian Cuisine;afghan;rome;cheap
Chrysalida;afghan;rome;moderate
Chung King Chow Down;afghan;rome;expensive
Chunk City;european;south;cheap
Churros Welcome;european;south;moderate
Ciao Beefeater;european;south;expensive
Ciao Buddha;european;west;cheap
Ciàobama;european;west;moderate
Cinesanct;european;west;expensive
Circula;european;north;cheap
City of Fish;european;north;moderate
Civil Libation;european;north;expensive
Clam Chop;european;east;cheap
Clarko;european;east;moderate
Class Wire;european;east;expensive
Classio;european;centre;cheap
Clobbered!;european;centre;moderate
Clovis and Charley;european;centre;expensive
Clown School;european;bombay;cheap
Club Guru;european;bombay;moderate
Club Hell Yea;european;bombay;expensive
Club Soba;european;madrid;cheap
Club Soma;european;madrid;moderate
Clutch;european;madrid;expensive
Coash;european;london;cheap
Coffee Beacon;european;london;moderate
Coffee By Appointment;european;london;expensive
Coffee Cat;european;rome;cheap
Coffee Cobbler;european;rome;moderate
Coffee Conundrum;european;rome;expensive
Coffee Corral;brazilian;south;cheap
Coffee Cousins;brazilian;south;moderate
Coffee Farm;brazilian;south;expensive
Coffee Galaxy;brazilian;west;cheap
Coffee King;brazilian;west;moderate
Coffee Korner;brazilian;west;expensive
Coffee Lodge;brazilian;north;cheap
Coffee Matrix;brazilian;north;moderate
Coffee Menagerie;brazilian;north;expensive
Coffee Oasis;brazilian;east;cheap
Coffee Panache;brazilian;east;moderate
Coffee Patch;brazilian;east;expensive
Coffee Planet;brazilian;centre;cheap
Coffee Ranch;brazilian;centre;moderate
Coffee RoundUp;brazilian;centre;expensive
Coffee Science;brazilian;bombay;cheap
Coffee Squad;brazilian;bombay;moderate
Coffee Time;brazilian;bombay;expensive
Coffee Trip;brazilian;madrid;cheap
Coffee Tsunami;brazilian;madrid;moderate
Coffee Universe;brazilian;madrid;expensive
Coffee Vibe;brazilian;london;cheap
Coffee World;brazilian;london;moderate
Coffee Zone;brazilian;london;expensive
Coffee-Go-Round;brazilian;rome;cheap
Coffeeplosion;brazilian;rome;moderate
Coffee’s Ready!;brazilian;rome;expensive
Coffeescape;chinese;south;cheap
Colony Clutch;chinese;south;moderate
Coma Tostada;chinese;south;expensive
Comfidant;chinese;west;cheap
Comgo;chinese;west;moderate
Comnivorous;chinese;west;expensive
Complete Meat;chinese;north;cheap
Compost Office;chinese;north;moderate
Concorsica;chinese;north;expensive
Condimantra;chinese;east;cheap
Conduit;chinese;east;moderate
Coney Island Minibars;chinese;east;expensive
Confection Detection;chinese;centre;cheap
Confection Direction;chinese;centre;moderate
Constant Cafe;chinese;centre;expensive
Constant Coffee;chinese;bombay;cheap
Constant Taco;chinese;bombay;moderate
Cool Tofu;chinese;bombay;expensive
Cooper’s Hunan;chinese;madrid;cheap
Corepan;chinese;madrid;moderate
Corn Dog Social;chinese;madrid;expensive
Corn Husk Cafe;chinese;london;cheap
Corndog House;chinese;london;moderate
Corn-Fed Beef Bowl;chinese;london;expensive
Cornpone Castle;chinese;rome;cheap
Cosmetallic;chinese;rome;moderate
Could Be Worse;chinese;rome;expensive
Counter Coutier;greek;south;cheap
Countless Ours;greek;south;moderate
Coup de Veal;greek;south;expensive
Cowtown;greek;west;cheap
Crab and Kitten;greek;west;moderate
Crab and Prawn;greek;west;expensive
Crabernacle;greek;north;cheap
Crab-ola;greek;north;moderate
Crush Station;greek;north;expensive
Crustacean Prince;greek;east;cheap
Crustacia;greek;east;moderate
Crustatia;greek;east;expensive
Crux Tux;greek;centre;cheap
C-Theory;greek;centre;moderate
Cthulhu’s Kitchen;greek;centre;expensive
Cubi;greek;bombay;cheap
Culinary Desert;greek;bombay;moderate
Culinary Oriental Cuisine;greek;bombay;expensive
Cup and Chaucer;greek;madrid;cheap
Curb Appeal;greek;madrid;moderate
Curly Fries;greek;madrid;expensive
Curmudgeon Cafe;greek;london;cheap
Cut Fastball;greek;london;moderate
Cyclonica;greek;london;expensive
Dag Nabbit;greek;rome;cheap
Dandelar;greek;rome;moderate
Dandelar’s;greek;rome;expensive
Dandelion Greens;thai;south;cheap
Darvane;thai;south;moderate
Dear Meat;thai;south;expensive
Delicatessen Style;thai;west;cheap
Derail;thai;west;moderate
Dervish;thai;west;expensive
Desert Drips;thai;north;cheap
Devil’s Laundromat;thai;north;moderate
Digging my Truffles;thai;north;expensive
Digital Planet;thai;east;cheap
Dijon Bomb;thai;east;moderate
Dim Summit;thai;east;expensive
Dimple’s;thai;centre;cheap
Dingo;thai;centre;moderate
Dirty Laundry;thai;centre;expensive
Diseasia;thai;bombay;cheap
Dizé;thai;bombay;moderate
Django;thai;bombay;expensive
Django’s;thai;madrid;cheap
Doc Hollandaise;thai;madrid;moderate
Doctor Coffee;thai;madrid;expensive
Dogtown;thai;london;cheap
Dolly Random;thai;london;moderate
Domina;thai;london;expensive
Donut Babe;thai;rome;cheap
Donut District;thai;rome;moderate
Dostoevsky;thai;rome;expensive
Dot Candy;vegetarian;south;cheap
Dot Compadre;vegetarian;south;moderate
Dote;vegetarian;south;expensive
Double Felix;vegetarian;west;cheap
Double Jump;vegetarian;west;moderate
Dream Cafe;vegetarian;west;expensive
Dreamia;vegetarian;north;cheap
Drive Vibe;vegetarian;north;moderate
Drunken Conundrum;vegetarian;north;expensive
Dude Raunch;vegetarian;east;cheap
Dumpty’s;vegetarian;east;moderate
Dune Drops;vegetarian;east;expensive
Dutch Oven Gretel;vegetarian;centre;cheap
Ear Roast;vegetarian;centre;moderate
Earthpure;vegetarian;centre;expensive
Earth’s Salad;vegetarian;bombay;cheap
Easy Bake;vegetarian;bombay;moderate
Easy Beef;vegetarian;bombay;expensive
Easy Speak;vegetarian;madrid;cheap
Eat Underground;vegetarian;madrid;moderate
Echo Shack;vegetarian;madrid;expensive
eee Cummings;vegetarian;london;cheap
Electric Furrytown;vegetarian;london;moderate
Electric Waffle;vegetarian;london;expensive
Electroasis;vegetarian;rome;cheap
Elemantra;vegetarian;rome;moderate
Elemaunt;vegetarian;rome;expensive
Elephant Walk;turkish;south;cheap
Eleven Seconds;turkish;south;moderate
Elita;turkish;south;expensive
Elpro;turkish;west;cheap
eMantis;turkish;west;moderate
Emeril Van Morrison;turkish;west;expensive
Empirica;turkish;north;cheap
Emptia;turkish;north;moderate
Encino;turkish;north;expensive
Endozilla;turkish;east;cheap
Enigma on Rye;turkish;east;moderate
Enjola;turkish;east;expensive
Enrondezvous;turkish;centre;cheap
Ensanada;turkish;centre;moderate
Epicurious George;turkish;centre;expensive
Epstein’s Bar and Grill;turkish;bombay;cheap
Equity;turkish;bombay;moderate
Eros;turkish;bombay;expensive
Escargot;turkish;madrid;cheap
Escargot-Go;turkish;madrid;moderate
Esco Bar;turkish;madrid;expensive
Esplendidos;turkish;london;cheap
Espressia;turkish;london;moderate
Et Tu New Brew;turkish;london;expensive
Eternia;turkish;rome;cheap
Exhibit E;turkish;rome;moderate
Exiand;turkish;rome;expensive
Exit Matter;scottish;south;cheap
ExoPlanet;scottish;south;moderate
Exospace;scottish;south;expensive
Exploded Shank;scottish;west;cheap
Exposa;scottish;west;moderate
Fabricante;scottish;west;expensive
Fabriquat;scottish;north;cheap
Facade;scottish;north;moderate
Fantasy Pot Luck;scottish;north;expensive
Far Away Feast;scottish;east;cheap
Far Horizons;scottish;east;moderate
Faster Faster Chicken Soup;scottish;east;expensive
Faster Fries!;scottish;centre;cheap
Fat Boy;scottish;centre;moderate
Fatbelly;scottish;centre;expensive
Father Chutney;scottish;bombay;cheap
Father’s Art School;scottish;bombay;moderate
Feast West;scottish;bombay;expensive
Feast West Fusion;scottish;madrid;cheap
Fed Candy;scottish;madrid;moderate
FeedBag;scottish;madrid;expensive
Felice;scottish;london;cheap
Fennel Magic;scottish;london;moderate
Feral;scottish;london;expensive
Fertilia;scottish;rome;cheap
Fever;scottish;rome;moderate
Fez;scottish;rome;expensive
Fiber;caribbean;south;cheap
Fiddler’s Fig;caribbean;south;moderate
Figure Lean;caribbean;south;expensive
Fink;caribbean;west;cheap
Fish Eye;caribbean;west;moderate
Fish Matrix;caribbean;west;expensive
Fish;caribbean;north;cheap
Fishland;caribbean;north;moderate
Fishstomp;caribbean;north;expensive
Five Bubbies;caribbean;east;cheap
Five O’clock Shadow;caribbean;east;moderate
Flambeau’s;caribbean;east;expensive
Flambo;caribbean;centre;cheap
Flambo’s;caribbean;centre;moderate
Flame Thrower Grill;caribbean;centre;expensive
Flame Thrower’s Grill;caribbean;bombay;cheap
Flameboyant Grill;caribbean;bombay;moderate
Flange;caribbean;bombay;expensive
Flatúla;caribbean;madrid;cheap
Flew Z;caribbean;madrid;moderate
Flip Out;caribbean;madrid;expensive
Floq;caribbean;london;cheap
Floss and Joes;caribbean;london;moderate
FlotSam’s Club;caribbean;london;expensive
Flybar;caribbean;rome;cheap
Flying Chaucer;caribbean;rome;moderate
Flying Horse;caribbean;rome;expensive
Flying Monk;spanish;south;cheap
Flying Noodle;spanish;south;moderate
Flying Potato;spanish;south;expensive
Flying Tortoise;spanish;west;cheap
Flypaper;spanish;west;moderate
Fo Lita;spanish;west;expensive
Folsom Bobs;spanish;north;cheap
Food Caulk;spanish;north;moderate
Food Chaingang;spanish;north;expensive
Food Dump;spanish;east;cheap
Food Frolic;spanish;east;moderate
Food Haus;spanish;east;expensive
Food Prompt;spanish;centre;cheap
Food Storm;spanish;centre;moderate
Foodbowl;spanish;centre;expensive
FoodBug;spanish;bombay;cheap
FoodBuggy;spanish;bombay;moderate
Fork and Dagger;spanish;bombay;expensive
Forna;spanish;madrid;cheap
Fort Angus;spanish;madrid;moderate
Fort Potato;spanish;madrid;expensive
Fran Scene;spanish;london;cheap
Freakin’ Planet;spanish;london;moderate
Freeze Factor;spanish;london;expensive
Frelika;spanish;rome;cheap
Fresh Flesh;spanish;rome;moderate
Friendly Fire;spanish;rome;expensive
Fringe Factory;malaysian;south;cheap
Froggy Bottom;malaysian;south;moderate
Frolique;malaysian;south;expensive
Fruit Not Fries!;malaysian;west;cheap
Fudgement Day;malaysian;west;moderate
Fuel for Thought;malaysian;west;expensive
Funky Chicken Soup;malaysian;north;cheap
Fusion Historia;malaysian;north;moderate
Future Foods;malaysian;north;expensive
Future Freeze;malaysian;east;cheap
Fuzzy Logic;malaysian;east;moderate
G2-También;malaysian;east;expensive
Gage and Desoto;malaysian;centre;cheap
Garden Burger Variety;malaysian;centre;moderate
Gas Shack;malaysian;centre;expensive
Gator Taters;malaysian;bombay;cheap
Gee Spotty;malaysian;bombay;moderate
GeekChicken;malaysian;bombay;expensive
Gelatinous Orb;malaysian;madrid;cheap
Gelatosphere;malaysian;madrid;moderate
Gene Poulet;malaysian;madrid;expensive
Genome;malaysian;london;cheap
Geos;malaysian;london;moderate
Get Ya Green Leafies;malaysian;london;expensive
Giggle’s;malaysian;rome;cheap
Giotto Gelato;malaysian;rome;moderate
Glassando;malaysian;rome;expensive
Glassinni;mediterranean;south;cheap
Global Gobble;mediterranean;south;moderate
Globula;mediterranean;south;expensive
Glossy Trotsky;mediterranean;west;cheap
Gnome Clone;mediterranean;west;moderate
Gnu Grounds;mediterranean;west;expensive
Goat and Guru;mediterranean;north;cheap
Godka;mediterranean;north;moderate
Godzilla Pizza;mediterranean;north;expensive
Gogol;mediterranean;east;cheap
Goin’ South;mediterranean;east;moderate
Goin’ to the Roadhouse;mediterranean;east;expensive
Goldielox and Onion;mediterranean;centre;cheap
Good Dog;mediterranean;centre;moderate
Gorganic;mediterranean;centre;expensive
Gorge Us;mediterranean;bombay;cheap
Gracie;mediterranean;bombay;moderate
Grain Oil Ya;mediterranean;bombay;expensive
Grand Scale;mediterranean;madrid;cheap
Granola Fantasy Canteen;mediterranean;madrid;moderate
Gray Bar;mediterranean;madrid;expensive
Greaseland;mediterranean;london;cheap
Greedy Fries and Plugs;mediterranean;london;moderate
Green-T;mediterranean;london;expensive
Grill to Chill;mediterranean;rome;cheap
Grits and Grace;mediterranean;rome;moderate
Grits and Greetings;mediterranean;rome;expensive
Grounds Zero;international;south;cheap
Grunion Rum;international;south;moderate
Guilt;international;south;expensive
Guns & Booze;international;west;cheap
Guru;international;west;moderate
Guru Cricket;international;west;expensive
Guru Planet;international;north;cheap
Guru Smile;international;north;moderate
Guru Too;international;north;expensive
Hack Scene;international;east;cheap
Half Full;international;east;moderate
Half Life;international;east;expensive
Haloed Grounds;international;centre;cheap
Ham Licker;international;centre;moderate
Hambone;international;centre;expensive
Hambone Martian;international;bombay;cheap
Hamburger Centrifuge;international;bombay;moderate
Harbin Jour;international;bombay;expensive
Hash Browns and New Grounds;international;madrid;cheap
Hashed Browns and New Grounds;international;madrid;moderate
Hat & Goiter;international;madrid;expensive
Head Cheese Head;international;london;cheap
Healthy Stance;international;london;moderate
Hegel’s Bagels;international;london;expensive
Hell’s BBQ;international;rome;cheap
Herb’s Mintal Institution;international;rome;moderate
Hercules Jerky;international;rome;expensive
Here 24;danish;south;cheap
Here’s the Beef;danish;south;moderate
Hey Buddha!;danish;south;expensive
Hi Que;danish;west;cheap
HighTee;danish;west;moderate
Highway Ribbery;danish;west;expensive
Hindenburger;danish;north;cheap
Homeroom Cafe;danish;north;moderate
Horizon Sky;danish;north;expensive
Horse & Jockey;danish;east;cheap
Hot Box;danish;east;moderate
Hot Dogma;danish;east;expensive
Hot Pot;danish;centre;cheap
Hot Potty;danish;centre;moderate
Hot Sour and Soar;danish;centre;expensive
Hot Trotsky;danish;bombay;cheap
HotSpot;danish;bombay;moderate
House of Chedder;danish;bombay;expensive
Housedown;danish;madrid;cheap
Howzit Go Inn;danish;madrid;moderate
Humburger;danish;madrid;expensive
Humvegain’t;danish;london;cheap
Humvegan;danish;london;moderate
Humvegan’s Hamburger Centrifuge;danish;london;expensive
Hungry Head;danish;rome;cheap
Hunky Hurry;danish;rome;moderate
Hurdle;danish;rome;expensive
Icarus;korean;south;cheap
Ice Can;korean;south;moderate
Idetica;korean;south;expensive
Ignia;korean;west;cheap
Illustrioso;korean;west;moderate
Imperial Fire;korean;west;expensive
In Ovation;korean;north;cheap
In That Vein;korean;north;moderate
In Your Space Coffee;korean;north;expensive
Independent Pickle;korean;east;cheap
Indian Summer;korean;east;moderate
Information Aged Cheese;korean;east;expensive
inHeat;korean;centre;cheap
Interknack;korean;centre;moderate
Internet Bubbly;korean;centre;expensive
Internet Eternity;korean;bombay;cheap
Into the Blueberry Holes;korean;bombay;moderate
Iron Bone;korean;bombay;expensive
Isosphere;korean;madrid;cheap
Italian Ice Ice Baby!;korean;madrid;moderate
Ivridse;korean;madrid;expensive
Jack the Ripper’s;korean;london;cheap
Jack.;korean;london;moderate
Jackie Diamonds;korean;london;expensive
Jalapeño Fire Waltz;korean;rome;cheap
Janga Java;korean;rome;moderate
Javaddiction;korean;rome;expensive
Jaws;polish;south;cheap
Jeff Davis Pie;polish;south;moderate
Jelly Roll Deli;polish;south;expensive
Jellybird;polish;west;cheap
JellyBone;polish;west;moderate
Jellyfish Java;polish;west;expensive
Jen & Barry’s;polish;north;cheap
Jetsam’s Club;polish;north;moderate
Jezebel’s Joint;polish;north;expensive
Jezebel’s Juice;polish;east;cheap
Jocks and Mobsters;polish;east;moderate
Johnny Coffeebean;polish;east;expensive
Judgment Day Cafe;polish;centre;cheap
Juggernaut Cafe;polish;centre;moderate
Juggler’s Jig;polish;centre;expensive
Juice Caboose;polish;bombay;cheap
Juice Jones;polish;bombay;moderate
Juice Knowledge;polish;bombay;expensive
Juice Monster;polish;madrid;cheap
Jujuba;polish;madrid;moderate
Juke London;polish;madrid;expensive
Juliet’s Balcony;polish;london;cheap
Julio;polish;london;moderate
Jump Jack;polish;london;expensive
Jumpstack;polish;rome;cheap
Jumpstart;polish;rome;moderate
Jupiter Trolley;polish;rome;expensive
Jupitor Place;italian;south;cheap
Jurassic Pork;italian;south;moderate
Jute Box;italian;south;expensive
Jute Joint;italian;west;cheap
Kaku;italian;west;moderate
Karma Lhoke;italian;west;expensive
Kettlepop;italian;north;cheap
Kettletop;italian;north;moderate
Kick the Beckett;italian;north;expensive
Kilroy;italian;east;cheap
Kimono Open;italian;east;moderate
Kinetica;italian;east;expensive
King Chard;italian;centre;cheap
Kiss a Donut;italian;centre;moderate
Kitch Kids;italian;centre;expensive
Kitchen Caboodle;italian;bombay;cheap
Kitty City;italian;bombay;moderate
Kitty McQueen;italian;bombay;expensive
Kiwi Herman;italian;madrid;cheap
Kiwi Sea;italian;madrid;moderate
KMG365;italian;madrid;expensive
Koffee;italian;london;cheap
Koffee Kat;italian;london;moderate
Krill;italian;london;expensive
Kugel’s;italian;rome;cheap
Kuldip;italian;rome;moderate
Kundalini’s;italian;rome;expensive
La Bonne Terre;mexican;south;cheap
La Concuna;mexican;south;moderate
La Liz;mexican;south;expensive
La Loopy;mexican;west;cheap
La Zilla;mexican;west;moderate
Lambastica;mexican;west;expensive
Lardé;mexican;north;cheap
Latte Bloomers;mexican;north;moderate
Latté Prey;mexican;north;expensive
Lavadome;mexican;east;cheap
Lawton’s Village;mexican;east;moderate
Lazy Fair;mexican;east;expensive
Le Bistro de Vivre;mexican;centre;cheap
Le Gall;mexican;centre;moderate
Le Gallerie du Coq;mexican;centre;expensive
Le Petit Chef;mexican;bombay;cheap
Leaf and Stalk;mexican;bombay;moderate
Leather and Chrome;mexican;bombay;expensive
Lectra;mexican;madrid;cheap
Left and Right Burger;mexican;madrid;moderate
Left Blank;mexican;madrid;expensive
Letterback;mexican;london;cheap
Leucrid;mexican;london;moderate
Libida;mexican;london;expensive
Life Source;mexican;rome;cheap
Lilly Jet Moonbeam;mexican;rome;moderate
Lily’s Pad;mexican;rome;expensive
Limozen;halal;south;cheap
Linger Foods;halal;south;moderate
Linguini Lust;halal;south;expensive
Lip Frog;halal;west;cheap
Liquid Ambassador;halal;west;moderate
Liquid Kitty;halal;west;expensive
Liquid Radiant;halal;north;cheap
Little Dostoevsky;halal;north;moderate
Little Mussolini;halal;north;expensive
Lizzie Borden’s;halal;east;cheap
Loaf Around;halal;east;moderate
Loca Mocha;halal;east;expensive
Local Motive;halal;centre;cheap
Lolita Proud;halal;centre;moderate
Looping Buddha;halal;centre;expensive
Loopy Tuna;halal;bombay;cheap
Lord Chuby Cheeks;halal;bombay;moderate
Lord Martini;halal;bombay;expensive
Lost In Pizza;halal;madrid;cheap
Lotus Boogie;halal;madrid;moderate
Lotuscany;halal;madrid;expensive
Lounge Potato;halal;london;cheap
Love Me Rwanda;halal;london;moderate
Lox and Bandwidth;halal;london;expensive
L-Spot;halal;rome;cheap
Lunch Rumi;halal;rome;moderate
Lunchpad;halal;rome;expensive
Lunchpod;persian;south;cheap
Lustrio;persian;south;moderate
Lyria;persian;south;expensive
Lyricalia;persian;west;cheap
Mad Beef;persian;west;moderate
Madam Curry;persian;west;expensive
Magma;persian;north;cheap
Magma Radiant;persian;north;moderate
Magnemo;persian;north;expensive
Maguey;persian;east;cheap
Mammy’s Yammys;persian;east;moderate
Mangelica;persian;east;expensive
Mango Mango;persian;centre;cheap
Mantiquilla;persian;centre;moderate
Mantis;persian;centre;expensive
Mantro;persian;bombay;cheap
Maple Thor;persian;bombay;moderate
Mardi Grub;persian;bombay;expensive
Martha’s Rump Roast;persian;madrid;cheap
Marvane;persian;madrid;moderate
Masquerade;persian;madrid;expensive
Matre Deviant;persian;london;cheap
Matre Devious;persian;london;moderate
Mauve Lava;persian;london;expensive
Mauve Rocket;persian;rome;cheap
Max Diablo’s;persian;rome;moderate
Max Five;persian;rome;expensive
Maximum Sandwich;polynesian;south;cheap
Mazaltov Cocktail;polynesian;south;moderate
McStarbucs;polynesian;south;expensive
Me First Cafe;polynesian;west;cheap
Meat Bomb;polynesian;west;moderate
Meat Wagon;polynesian;west;expensive
Meaty Boy;polynesian;north;cheap
Megall;polynesian;north;moderate
Melting Spot;polynesian;north;expensive
Memnonia;polynesian;east;cheap
Menthol;polynesian;east;moderate
Meow;polynesian;east;expensive
Meow Meow;polynesian;centre;cheap
Meshugga Inn;polynesian;centre;moderate
microVerse;polynesian;centre;expensive
Milk Machine;polynesian;bombay;cheap
Millennarita;polynesian;bombay;moderate
Millennium Sandwich;polynesian;bombay;expensive
Mind Music;polynesian;madrid;cheap
Minga;polynesian;madrid;moderate
Mini Bar;polynesian;madrid;expensive
Minsk Meat;polynesian;london;cheap
Mint Dynasty;polynesian;london;moderate
Mississippi Burnin’ B.B.Q;polynesian;london;expensive
Mister;polynesian;rome;cheap
Misty August Morning;polynesian;rome;moderate
Mixers;polynesian;rome;expensive
Mocha Loco;corsica;south;cheap
Molten Tacos;corsica;south;moderate
Mom’s;corsica;south;expensive
Mondo Bocci;corsica;west;cheap
Mongerfish;corsica;west;moderate
Monisphere;corsica;west;expensive
Montauk Mantra;corsica;north;cheap
Mood Alter;corsica;north;moderate
Moose Toe;corsica;north;expensive
Moral Cowboy;corsica;east;cheap
Moreganic;corsica;east;moderate
Mosher;corsica;east;expensive
Mother Cabrini;corsica;centre;cheap
Mother Flickers’ Hot Spot;corsica;centre;moderate
Mountain Edge;corsica;centre;expensive
Mr. Beans;corsica;bombay;cheap
Mr. Demeanor’s;corsica;bombay;moderate
Mr. Juice;corsica;bombay;expensive
Multiple Cake;corsica;madrid;cheap
Muscle Bar;corsica;madrid;moderate
Mute Burger;corsica;madrid;expensive
Mutton Chops;corsica;london;cheap
My Bad;corsica;london;moderate
Mystic Zilla;corsica;london;expensive
Nada;corsica;rome;cheap
Naked Lunch;corsica;rome;moderate
Namedness;corsica;rome;expensive
Nanna Banana;english;south;cheap
Nasdaquiri;english;south;moderate
Nastenka;english;south;expensive
Ndoor;english;west;cheap
Neau Whirled;english;west;moderate
Nectar;english;west;expensive
Nectarine;english;north;cheap
Neitsche Bagel;english;north;moderate
Neitsche Bandwidth;english;north;expensive
Neitsche Burger;english;east;cheap
Neitsche Forest;english;east;moderate
Neon;english;east;expensive
Nerd;english;centre;cheap
Net Exit;english;centre;moderate
Neteria;english;centre;expensive
Netplosion;english;bombay;cheap
Netur;english;bombay;moderate
Neuroma;english;bombay;expensive
Neutrino;english;madrid;cheap
New Orlean’s Lean or New Cuisine;english;madrid;moderate
New Whirled;english;madrid;expensive
New York Cab;english;london;cheap
Nibbles;english;london;moderate
Nob Hill;english;london;expensive
Nolo Contendre;english;rome;cheap
Norse;english;rome;moderate
North Quark;english;rome;expensive
Nose Music;vietnamese;south;cheap
Nosh On;vietnamese;south;moderate
Nosh on the Net;vietnamese;south;expensive
Nosh Online;vietnamese;west;cheap
Nostrilé;vietnamese;west;moderate
Nouveau Ruckus;vietnamese;west;expensive
Nuance;vietnamese;north;cheap
Nuxa;vietnamese;north;moderate
Nylon Prawn;vietnamese;north;expensive
Obeko;vietnamese;east;cheap
Octopus Garden;vietnamese;east;moderate
Oedipus;vietnamese;east;expensive
Of Corsica;vietnamese;centre;cheap
Of Mice and Mein;vietnamese;centre;moderate
Okra Winfry’s Southern Saucepan;vietnamese;centre;expensive
Okratecture;vietnamese;bombay;cheap
Old Men Eat Cookies;vietnamese;bombay;moderate
Olive Me;vietnamese;bombay;expensive
On Golden Prawn;vietnamese;madrid;cheap
On High;vietnamese;madrid;moderate
On the Bar B;vietnamese;madrid;expensive
On the Que;vietnamese;london;cheap
On The Wagon;vietnamese;london;moderate
Onazi;vietnamese;london;expensive
One For the Road Hog;vietnamese;rome;cheap
onFire;vietnamese;rome;moderate
Onion Corporated;vietnamese;rome;expensive
Opt In;unusual;south;cheap
Opticon;unusual;south;moderate
Optique;unusual;south;expensive
Optyk;unusual;west;cheap
Or Chard;unusual;west;moderate
Orb;unusual;west;expensive
Orbean;unusual;north;cheap
Orbeania;unusual;north;moderate
Orchestrata;unusual;north;expensive
Organic Cannibal;unusual;east;cheap
Oronoko;unusual;east;moderate
Oscillation;unusual;east;expensive
Osmosis;unusual;centre;cheap
Oswego;unusual;centre;moderate
Ou Are Tu;unusual;centre;expensive
Oulu;unusual;bombay;cheap
Oulu Bar;unusual;bombay;moderate
Oulu Rocinante;unusual;bombay;expensive
Outer Granola;unusual;madrid;cheap
Outer Monrovia;unusual;madrid;moderate
Ouzo Confuzo;unusual;madrid;expensive
Ovation;unusual;london;cheap
Overchurros;unusual;london;moderate
Oxymagnet;unusual;london;expensive
Oy Vegas;unusual;rome;cheap
Ozean;unusual;rome;moderate
Ozwall;unusual;rome;expensive
Paella Machine;russian;south;cheap
Paint By Numbers;russian;south;moderate
Pan Ash;russian;south;expensive
Panache;russian;west;cheap
Pang Meringue;russian;west;moderate
Panier Gourmet;russian;west;expensive
Pantry Planet;russian;north;cheap
Papa Jambalaya;russian;north;moderate
Papa Tart;russian;north;expensive
PaperPlastic;russian;east;cheap
Parabolic Chicken;russian;east;moderate
Partyclub;russian;east;expensive
Parvenu Porkchop;russian;centre;cheap
Pass the Thyme;russian;centre;moderate
Passion Palace;russian;centre;expensive
Passion Pork;russian;bombay;cheap
Pasta la Vista;russian;bombay;moderate
Pastor Pizza;russian;bombay;expensive
Peace Meal;russian;madrid;cheap
Peacemeal;russian;madrid;moderate
PeacePipe;russian;madrid;expensive
Pearlessa;russian;london;cheap
Peek-A-Boo Pork;russian;london;moderate
Peer;russian;london;expensive
Peerless Dulcinea;russian;rome;cheap
Pelé Monty;russian;rome;moderate
Penny Arcane;russian;rome;expensive
Pepperboard;bistro;south;cheap
Performunch;bistro;south;moderate
Peril;bistro;south;expensive
Perk and Peak;bistro;west;cheap
Perk n’ Smirk;bistro;west;moderate
Perplexia;bistro;west;expensive
Pesto Quest;bistro;north;cheap
Phaedra;bistro;north;moderate
Phallus’ Restaurant;bistro;north;expensive
Phat Cat;bistro;east;cheap
Phat City;bistro;east;moderate
Phat Kettle ‘O Prawns;bistro;east;expensive
Phat Transient;bistro;centre;cheap
Phatsie;bistro;centre;moderate
Pheast;bistro;centre;expensive
Pheast West;bistro;bombay;cheap
Pheromonia;bistro;bombay;moderate
Phlesh;bistro;bombay;expensive
Phleshy;bistro;madrid;cheap
Phobia;bistro;madrid;moderate
Pick and Shovel;bistro;madrid;expensive
Pickin’ & Lickin’ Chicken;bistro;london;cheap
Pig and Flamethrower;bistro;london;moderate
Pigzart;bistro;london;expensive
Pilz;bistro;rome;cheap
Ping Pang;bistro;rome;moderate
Pipeline Internet Cafe;bistro;rome;expensive
Pippin;steakhouse;south;cheap
Pirate School;steakhouse;south;moderate
Pizza Cardinal;steakhouse;south;expensive
Pizza Experience;steakhouse;west;cheap
Pizzazilla;steakhouse;west;moderate
Planet Reno;steakhouse;west;expensive
Planet Right;steakhouse;north;cheap
Plasti;steakhouse;north;moderate
Plastic Planet;steakhouse;north;expensive
Plastique;steakhouse;east;cheap
Plato’s Crave;steakhouse;east;moderate
Plethora;steakhouse;east;expensive
Plexi Koogle;steakhouse;centre;cheap
Plonk;steakhouse;centre;moderate
Plum and Bone;steakhouse;centre;expensive
Plumb Bum;steakhouse;bombay;cheap
Podium;steakhouse;bombay;moderate
Podunk Express;steakhouse;bombay;expensive
Poetry Jail;steakhouse;madrid;cheap
Poifect;steakhouse;madrid;moderate
Pol Pot Pizza;steakhouse;madrid;expensive
Pomme de Terre de Salon;steakhouse;london;cheap
Pomme Juan;steakhouse;london;moderate
Poochies;steakhouse;london;expensive
Popcorn Born;steakhouse;rome;cheap
Pork Digest;steakhouse;rome;moderate
Porque;steakhouse;rome;expensive
Port O’ Prawn;belgian;south;cheap
Posh Omen;belgian;south;moderate
Possum Cafe;belgian;south;expensive
Potata Pathos;belgian;west;cheap
Potato Constant;belgian;west;moderate
Potato Pathos;belgian;west;expensive
Poultry in Motion;belgian;north;cheap
PowerPotato;belgian;north;moderate
PowerPrawn;belgian;north;expensive
Prawn and Pretzel;belgian;east;cheap
Prawn Daddy;belgian;east;moderate
Prawn Ghetto;belgian;east;expensive
Prawn Grotto;belgian;centre;cheap
Prawn Kiss;belgian;centre;moderate
Prawn Logic;belgian;centre;expensive
Prawn Love;belgian;bombay;cheap
Prawn Panic;belgian;bombay;moderate
Prawn Perfect;belgian;bombay;expensive
Prawn Phreak;belgian;madrid;cheap
Prawn Power!;belgian;madrid;moderate
Prawn Shop;belgian;madrid;expensive
Prawn Song;belgian;london;cheap
Prawn to Own;belgian;london;moderate
Prawn Tong;belgian;london;expensive
Prawn Utopia;belgian;rome;cheap
Prawnbroker;belgian;rome;moderate
Prawnosis;belgian;rome;expensive
Prawnscape;gastropub;south;cheap
Prawntastic;gastropub;south;moderate
PrawnTilly’s;gastropub;south;expensive
Prawnto-Go;gastropub;west;cheap
Prawntosaurus;gastropub;west;moderate
Prawnzi Scheme;gastropub;west;expensive
Pray for Latté;gastropub;north;cheap
Precious Potato;gastropub;north;moderate
Pre-fab Burritos;gastropub;north;expensive
PreSlicely;gastropub;east;cheap
Prism;gastropub;east;moderate
Prosperity Cafe;gastropub;east;expensive
Psychic Pizza;gastropub;centre;cheap
Psycho Kitty;gastropub;centre;moderate
Psychotrone;gastropub;centre;expensive
Pudding Queen;gastropub;bombay;cheap
Pulze;gastropub;bombay;moderate
Puppet Show;gastropub;bombay;expensive
Purb;gastropub;madrid;cheap
Qiao;gastropub;madrid;moderate
Qimonk;gastropub;madrid;expensive
Qoolqi;gastropub;london;cheap
Qot;gastropub;london;moderate
Que;gastropub;london;expensive
Que It Up;gastropub;rome;cheap
Que West;gastropub;rome;moderate
Quencha;gastropub;rome;expensive
Questionable Behaivor;canapes;south;cheap
Quetzal Logic;canapes;south;moderate
Quick Licks;canapes;south;expensive
Quickie Lickie;canapes;west;cheap
Quincy Jonestown;canapes;west;moderate
Quintavi;canapes;west;expensive
Quiza;canapes;north;cheap
Quizmo;canapes;north;moderate
Quizmu;canapes;north;expensive
Qule;canapes;east;cheap
Rabbit Lounge;canapes;east;moderate
Rabid Rabbit;canapes;east;expensive
Radiant Earth;canapes;centre;cheap
Radiant Fresh;canapes;centre;moderate
Radio Certainty;canapes;centre;expensive
Railroadies;canapes;bombay;cheap
Raja;canapes;bombay;moderate
Ranch Arson;canapes;bombay;expensive
Rancho Django;canapes;madrid;cheap
Rancho One Bowl;canapes;madrid;moderate
Razz Barney;canapes;madrid;expensive
Read and Feed;canapes;london;cheap
Rebuy Steak;canapes;london;moderate
Red Nerve;canapes;london;expensive
Red Rice and Beanery;canapes;rome;cheap
Repo;canapes;rome;moderate
Rest In Pizza;canapes;rome;expensive
Retro;african;south;cheap
Retro Cocoa;african;south;moderate
Retro Plum;african;south;expensive
Retro Ready;african;west;cheap
Retro Rococo;african;west;moderate
Revenue;african;west;expensive
Rib Rage;african;north;cheap
Rined and Dined;african;north;moderate
Riot Grrill;african;north;expensive
Rippers;african;east;cheap
Road Krill;african;east;moderate
Road Rage Truck Stop;african;east;expensive
Roadkill Penguin;african;centre;cheap
Rockyard;african;centre;moderate
Rococo;african;centre;expensive
Romeo Mauve;african;bombay;cheap
Romuelle;african;bombay;moderate
Roosterville;african;bombay;expensive
Rough Age;african;madrid;cheap
Round the World Coffee;african;madrid;moderate
Royal Lush;african;madrid;expensive
Rubber Slapjack;african;london;cheap
Ruby Suite;african;london;moderate
Rummy’s;african;london;expensive
Rump;african;rome;cheap
Rump’s;african;rome;moderate
Runt and Rove;african;rome;expensive
Saguaro;swedish;south;cheap
Salsa Closet;swedish;south;moderate
Salud!;swedish;south;expensive
Salvador;swedish;west;cheap
Samopolis;swedish;west;moderate
Samsam;swedish;west;expensive
Sandu;swedish;north;cheap
Sara Soda;swedish;north;moderate
Sasskatchy!;swedish;north;expensive
Satiance;swedish;east;cheap
Sausage;swedish;east;moderate
Sausage Machine;swedish;east;expensive
Save the Date;swedish;centre;cheap
Savoree;swedish;centre;moderate
Scaffold;swedish;centre;expensive
Scarlet O’Hara’s House of Pies;swedish;bombay;cheap
Scene Serene;swedish;bombay;moderate
Scrap Opera;swedish;bombay;expensive
Sea Edge;swedish;madrid;cheap
Sea Quinn;swedish;madrid;moderate
Sea Windsor;swedish;madrid;expensive
Seafood Seranade;swedish;london;cheap
SeaSky;swedish;london;moderate
Sea-Sought;swedish;london;expensive
Sequin;swedish;rome;cheap
Serendipity;swedish;rome;moderate
Seven Scentric;swedish;rome;expensive
Sevére;lebanese;south;cheap
Shakedown;lebanese;south;moderate
Shame Bait;lebanese;south;expensive
Shangrilatte;lebanese;west;cheap
Share Reef;lebanese;west;moderate
Sheepsville;lebanese;west;expensive
Shellac and Hammock;lebanese;north;cheap
Shitaki;lebanese;north;moderate
Shoots and Spears;lebanese;north;expensive
Silkia;lebanese;east;cheap
Silver of Mine;lebanese;east;moderate
Simply Gorge Us;lebanese;east;expensive
Sindrome;lebanese;centre;cheap
Sinus;lebanese;centre;moderate
Skinny’s Drive Inn;lebanese;centre;expensive
Slam Banjo;lebanese;bombay;cheap
SlapJack;lebanese;bombay;moderate
Slashed Chicken;lebanese;bombay;expensive
Slingshot;lebanese;madrid;cheap
Slope;lebanese;madrid;moderate
Slow & Pulpy;lebanese;madrid;expensive
Slow Kitchen;lebanese;london;cheap
Slush Fund;lebanese;london;moderate
Smash Pop;lebanese;london;expensive
Smoochy Goochy Bar;lebanese;rome;cheap
Snack-A-Poo;lebanese;rome;moderate
Snail;lebanese;rome;expensive
Snappers;fusion;south;cheap
Snark Bite;fusion;south;moderate
Snatch Shacks;fusion;south;expensive
So So Toboso;fusion;west;cheap
Sobriety Checkpoint;fusion;west;moderate
Soda Fonze;fusion;west;expensive
Soft Shark;fusion;north;cheap
Sonata Fast;fusion;north;moderate
Soprano;fusion;north;expensive
Soul Depot;fusion;east;cheap
Soul Kitch;fusion;east;moderate
Soul Kitsch;fusion;east;expensive
Soul Massage;fusion;centre;cheap
Soul Potato;fusion;centre;moderate
Soup Du Tour;fusion;centre;expensive
Soup Opera;fusion;bombay;cheap
Souper Bowl;fusion;bombay;moderate
Soup-In;fusion;bombay;expensive
Souprise;fusion;madrid;cheap
South Mouth;fusion;madrid;moderate
South Mouth Southern Mash;fusion;madrid;expensive
South South South;fusion;london;cheap
Souther Proper;fusion;london;moderate
Southern Mash;fusion;london;expensive
Southern Soy;fusion;rome;cheap
Space Pizza Initiative;fusion;rome;moderate
Spam and Deliver;fusion;rome;expensive
Spamo;traditional;south;cheap
Spanish Harem;traditional;south;moderate
Spavin;traditional;south;expensive
Sphere;traditional;west;cheap
Spillway Tavern;traditional;west;moderate
Splice;traditional;west;expensive
Splinter;traditional;north;cheap
Splinx;traditional;north;moderate
Sponge;traditional;north;expensive
Sponge Puff;traditional;east;cheap
Sponge Taco;traditional;east;moderate
Spontaneous Combustion;traditional;east;expensive
Spoonbeam;traditional;centre;cheap
Spooncake;traditional;centre;moderate
Squish;traditional;centre;expensive
Stand By Your Manicotti;traditional;bombay;cheap
Star Sixty Nine;traditional;bombay;moderate
Station House;traditional;bombay;expensive
Steak And Eddy’s;traditional;madrid;cheap
Steak And Shake;traditional;madrid;moderate
Steak Out;traditional;madrid;expensive
Stone’s Throw;traditional;london;cheap
Storybook Omelette;traditional;london;moderate
Strip Drag;traditional;london;expensive
Stucco;traditional;rome;cheap
Stud Fee;traditional;rome;moderate
Stuff Your Face;traditional;rome;expensive
Sub Groupie;seafood;south;cheap
Subterfuse;seafood;south;moderate
Subterfusion;seafood;south;expensive
Sugar and Price;seafood;west;cheap
Sugar and Slice;seafood;west;moderate
Sugar Dog;seafood;west;expensive
Sugar Maestro;seafood;north;cheap
Sugarpine;seafood;north;moderate
Summer of Prawns;seafood;north;expensive
Sunbright Swallow;seafood;east;cheap
Sunsight;seafood;east;moderate
Super Ciao;seafood;east;expensive
Surf and Scarf;seafood;centre;cheap
Sushi Logic;seafood;centre;moderate
Sushi Spam;seafood;centre;expensive
Sustenza;seafood;bombay;cheap
SUVegan;seafood;bombay;moderate
Swap Meat;seafood;bombay;expensive
Sweet Beat;seafood;madrid;cheap
Sweet Home AlabaMama’s Cookin’;seafood;madrid;moderate
Swift Pickles;seafood;madrid;expensive
Swing Bing;seafood;london;cheap
Swingle;seafood;london;moderate
Symbiotica;seafood;london;expensive
Symphonics;seafood;rome;cheap
Taco Bail;seafood;rome;moderate
Taco Bale;seafood;rome;expensive
Taco Bear;world;south;cheap
Taco Boil;world;south;moderate
Taco Forest;world;south;expensive
Taco Hell;world;west;cheap
Taco Logic;world;west;moderate
Tail of the Snail;world;west;expensive
Talendula;world;north;cheap
Tandoori Vittles;world;north;moderate
Tango Bango;world;north;expensive
Tango Latté;world;east;cheap
Tank Full;world;east;moderate
Tarmac;world;east;expensive
Taste Makes Waist;world;centre;cheap
Taste Tease;world;centre;moderate
Taxi Dance;world;centre;expensive
Taz;world;bombay;cheap
Té Tango;world;bombay;moderate
Teaky Freaky;world;bombay;expensive
Tele-Taco;world;madrid;cheap
Ten Percent Down;world;madrid;moderate
Tequila Mockingbird;world;madrid;expensive
Terrago;world;london;cheap
Terrapod;world;london;moderate
Tersanki;world;london;expensive
Thai Cheetos;world;rome;cheap
Thalia;world;rome;moderate
Thanksgiving Pheast;world;rome;expensive
The 4AM Club;moroccan;south;cheap
The American Corn Dog Council;moroccan;south;moderate
The Backyard Chef;moroccan;south;expensive
The Bagel Barn;moroccan;west;cheap
The Bald Trumpet;moroccan;west;moderate
The Bar B Quest;moroccan;west;expensive
The Beef Plank;moroccan;north;cheap
The Bid and Ask;moroccan;north;moderate
The Bid and the Ask;moroccan;north;expensive
The Big Smoothie;moroccan;east;cheap
The Bind;moroccan;east;moderate
The Bison Wipe;moroccan;east;expensive
The Blackened Gridle;moroccan;centre;cheap
The Blue Pig;moroccan;centre;moderate
The Bovine;moroccan;centre;expensive
The Brime;moroccan;bombay;cheap
The Cajun’s Kitchen;moroccan;bombay;moderate
The Carolina Kitch-Inn;moroccan;bombay;expensive
The Catfish Cathouse;moroccan;madrid;cheap
The Chickery;moroccan;madrid;moderate
The Chute;moroccan;madrid;expensive
The Circus;moroccan;london;cheap
The Coal Tender;moroccan;london;moderate
The Coffee Funnel;moroccan;london;expensive
The Coffee Grind;moroccan;rome;cheap
The Coffee Institute;moroccan;rome;moderate
The Coffee Pipe;moroccan;rome;expensive
The Columner Pad;hungarian;south;cheap
The Crawfish Cantina;hungarian;south;moderate
The Crazy Crawfish;hungarian;south;expensive
The Crumbery;hungarian;west;cheap
The Crustacean;hungarian;west;moderate
The Dapper Mongoose;hungarian;west;expensive
The Defense Department;hungarian;north;cheap
The Dining Car;hungarian;north;moderate
The Dollop;hungarian;north;expensive
The Easy Seed;hungarian;east;cheap
The Employee Lounge;hungarian;east;moderate
The Enchanted Garden;hungarian;east;expensive
The Existential Buddhist;hungarian;centre;cheap
The Featured Artichoke;hungarian;centre;moderate
The Flight;hungarian;centre;expensive
The Flightless Bird;hungarian;bombay;cheap
The French Loaf;hungarian;bombay;moderate
The Germ Pot;hungarian;bombay;expensive
The Glassy Eye;hungarian;madrid;cheap
The Go Lucky;hungarian;madrid;moderate
The Handle Bar;hungarian;madrid;expensive
The Hole in One;hungarian;london;cheap
The Hoof and Snout;hungarian;london;moderate
The Hum and Tush Inn;hungarian;london;expensive
The In Road Cafe;hungarian;rome;cheap
The Jambalaya Joint;hungarian;rome;moderate
The Jasmine;hungarian;rome;expensive
The Jolt;catalan;south;cheap
The Jones;catalan;south;moderate
The Joy of Prawns;catalan;south;expensive
The Land of Meat;catalan;west;cheap
The Latvian Cat;catalan;west;moderate
The Lemonade Stand;catalan;west;expensive
The Light Stuff;catalan;north;cheap
The Lilly Pod;catalan;north;moderate
The Lollytart;catalan;north;expensive
The Lunch;catalan;east;cheap
The Lunchroom;catalan;east;moderate
The Magnificent Muffuletta;catalan;east;expensive
The Maine Ingredient;catalan;centre;cheap
The Mardi Gras Menu;catalan;centre;moderate
The Master Flan;catalan;centre;expensive
The Meat Gallery;catalan;bombay;cheap
The Mocha;catalan;bombay;moderate
The Mouth Piece;catalan;bombay;expensive
The Mug Shot;catalan;madrid;cheap
The Nervous Tick;catalan;madrid;moderate
The Nine;catalan;madrid;expensive
The One-Up;catalan;london;cheap
The Orb;catalan;london;moderate
The Organic Cannibal;catalan;london;expensive
The Oz;catalan;rome;cheap
The Panda Factory;catalan;rome;moderate
The Paper Dragon;catalan;rome;expensive
The Pope’s Nose;jamaican;south;cheap
The Potato Constant;jamaican;south;moderate
The Practical Pig;jamaican;south;expensive
The Prawn and Pig;jamaican;west;cheap
The Prawn and the Poi;jamaican;west;moderate
The Prawn Shop;jamaican;west;expensive
The Prawns Age;jamaican;north;cheap
The Rail Yard;jamaican;north;moderate
The Ramen Shamen;jamaican;north;expensive
The Raspy Magpie;jamaican;east;cheap
The reBAR;jamaican;east;moderate
The Rib Implosion;jamaican;east;expensive
the Rig;jamaican;centre;cheap
The Robillet Roadhouse;jamaican;centre;moderate
The Royal Tease;jamaican;centre;expensive
The Running Monk;jamaican;bombay;cheap
The Sacrificial Clam;jamaican;bombay;moderate
The Salad Factory;jamaican;bombay;expensive
The Salsa Closet;jamaican;madrid;cheap
The Salsa Project;jamaican;madrid;moderate
The Salty Pigeon;jamaican;madrid;expensive
The Sanguine;jamaican;london;cheap
The Scallion Galleon;jamaican;london;moderate
The Sedge;jamaican;london;expensive
The Shank and Maror;jamaican;rome;cheap
The Source;jamaican;rome;moderate
The Southern Spread;jamaican;rome;expensive
The Spigot;kosher;south;cheap
The Spinach Armada;kosher;south;moderate
The Spirit;kosher;south;expensive
The Sports Barge;kosher;west;cheap
The Spring;kosher;west;moderate
The Stir;kosher;west;expensive
The Stool Pigeon;kosher;north;cheap
The Straight and Narrow;kosher;north;moderate
The Swine Flew;kosher;north;expensive
The Texas Coleslaw Massacre;kosher;east;cheap
The Thermal Underground;kosher;east;moderate
The Thirsty Leech;kosher;east;expensive
The Tidal Maximum;kosher;centre;cheap
The Tie and Spike;kosher;centre;moderate
The Truck Stops Here;kosher;centre;expensive
The Tumbler and the Twist;kosher;bombay;cheap
The Vegetable Factory;kosher;bombay;moderate
The Velvet Snail;kosher;bombay;expensive
The Wedge;kosher;madrid;cheap
The Wellborne;kosher;madrid;moderate
The West Blank;kosher;madrid;expensive
Thirst ‘n Howl;kosher;london;cheap
Thought For Food;kosher;london;moderate
Thread the Noodle;kosher;london;expensive
Tiblisi;kosher;rome;cheap
Tickle’s;kosher;rome;moderate
Tiki Taco;kosher;rome;expensive
Tildé;japanese;south;cheap
Time For Coffee;japanese;south;moderate
Time Squares;japanese;south;expensive
Ting Tang’s;japanese;west;cheap
Tivondra;japanese;west;moderate
Todd’s May Hall;japanese;west;expensive
Toggle;japanese;north;cheap
Tokyo Yo;japanese;north;moderate
Tomatofish;japanese;north;expensive
Tom’s Ton ‘O Prawns;japanese;east;cheap
Tone Taco;japanese;east;moderate
Tongue in Chic;japanese;east;expensive
Tonque;japanese;centre;cheap
Too Chez;japanese;centre;moderate
Topeeka Bound;japanese;centre;expensive
Topper;japanese;bombay;cheap
Torpor Ritz;japanese;bombay;moderate
Tort Resort;japanese;bombay;expensive
Tostada Mondata;japanese;madrid;cheap
Tostada Oblongata;japanese;madrid;moderate
Towering Baba;japanese;madrid;expensive
Toxix;japanese;london;cheap
Track 9;japanese;london;moderate
Trademark Cafe;japanese;london;expensive
Trasola;japanese;rome;cheap
Triage;japanese;rome;moderate
Troché;japanese;rome;expensive
Troll your own;christmas;south;cheap
Trollery;christmas;south;moderate
Trophyplex;christmas;south;expensive
Tropican-do;christmas;west;cheap
Tropicandy;christmas;west;moderate
Tropicava;christmas;west;expensive
Tropolis;christmas;north;cheap
Trout Alley;christmas;north;moderate
True Faux;christmas;north;expensive
Tsunami Tsandwich;christmas;east;cheap
Tsunamia;christmas;east;moderate
Tucson’s Cantina;christmas;east;expensive
Tuesday’s Chicken;christmas;centre;cheap
Tuna Bar;christmas;centre;moderate
Tuna World;christmas;centre;expensive
Tunnel of Coffee;christmas;bombay;cheap
Turduck and Cover;christmas;bombay;moderate
Turkey Biscotti;christmas;bombay;expensive
Turnabout;christmas;madrid;cheap
Turnling;christmas;madrid;moderate
Turnpike;christmas;madrid;expensive
Tuva;christmas;london;cheap
Twiist;christmas;london;moderate
Uberlux;christmas;london;expensive
UberPrawn;christmas;rome;cheap
Umbria;christmas;rome;moderate
Umpa Lava;christmas;rome;expensive
Uncle Bulgaria;cuban;south;cheap
Undown;cuban;south;moderate
Uni Bar;cuban;south;expensive
Unit Socrates;cuban;west;cheap
Up Gusty;cuban;west;moderate
Uppsalami;cuban;west;expensive
UpsZcale;cuban;north;cheap
Urna;cuban;north;moderate
Vacua;cuban;north;expensive
Vagraunt;cuban;east;cheap
Valpreal;cuban;east;moderate
Van Winkles;cuban;east;expensive
Vanity Fare;cuban;centre;cheap
Varmetta;cuban;centre;moderate
Varqua;cuban;centre;expensive
Vegan Cool;cuban;bombay;cheap
Veggie Frown;cuban;bombay;moderate
VegiGate;cuban;bombay;expensive
Vegone;cuban;madrid;cheap
Vegoon;cuban;madrid;moderate
Venetia;cuban;madrid;expensive
Venetian Sack;cuban;london;cheap
Venial Sin;cuban;london;moderate
Vilnius;cuban;london;expensive
Viperia;cuban;rome;cheap
Virgil and Stardust;cuban;rome;moderate
Vitamin Seed;cuban;rome;expensive
Viune;north american;south;cheap
Vizia;north american;south;moderate
Vodka;north american;south;expensive
Voodoo Vat;north american;west;cheap
Voodude Ranch;north american;west;moderate
Voodulce;north american;west;expensive
Vortex Mex;north american;north;cheap
Waffle Stomper;north american;north;moderate
Wanton Won Ton;north american;north;expensive
Wasabi Fresh;north american;east;cheap
Wasabi Good;north american;east;moderate
Wasabi Happy;north american;east;expensive
Wasabi Junction;north american;centre;cheap
Water Back;north american;centre;moderate
Waugh Waugh Waugh;north american;centre;expensive
Web Wash;north american;bombay;cheap
Where it’s At Shack;north american;bombay;moderate
Whip and Throttle;north american;bombay;expensive
Whisper Cafe;north american;madrid;cheap
White Dove;north american;madrid;moderate
Wig;north american;madrid;expensive
Wire House;north american;london;cheap
Wok of the Ages;north american;london;moderate
Wolf and Chaser;north american;london;expensive
Wolfgang;north american;rome;cheap
Word Salad;north american;rome;moderate
Work Flirt;north american;rome;expensive
Wren;french;south;cheap
Xiix;french;south;moderate
Xth;french;south;expensive
Y2 Kiki;french;west;cheap
Y2K-O;french;west;moderate
Yakima Burger;french;west;expensive
Yangtze Doodle;french;north;cheap
Yearlove;french;north;moderate
Yellow Horse;french;north;expensive
Yes Sir Rotisserie;french;east;cheap
Yo Yo Tokyo;french;east;moderate
Yo Yo’s Place;french;east;expensive
Yogurt Transformation;french;centre;cheap
You’ve Got Prawns!;french;centre;moderate
Yuppie Slum;french;centre;expensive
Yurture;french;bombay;cheap
Zamora;french;bombay;moderate
Zasu;french;bombay;expensive
Zen BBQ;french;madrid;cheap
Zen Shin;french;madrid;moderate
Zenka;french;madrid;expensive
Zenlighten;french;london;cheap
Zentia;french;london;moderate
Zentricity;french;london;expensive
Zilencio;french;rome;cheap
Zilla;french;rome;moderate
Zilla Place;french;rome;expensive
Zillaberry;romanian;south;cheap
Zilladelphia;romanian;south;moderate
Zilla’s Scents of Cheese;romanian;south;expensive
Zinaidia;romanian;west;cheap
Zinful;romanian;west;moderate
Zolarity;romanian;west;expensive
Zonia;romanian;north;cheap
Zoo Lulu;romanian;north;moderate
Zoo Stew;romanian;north;expensive
Zounds;romanian;east;cheap
Zuke;romanian;east;moderate
Zulu;romanian;east;expensive
Zutros;romanian;centre;cheap
Zutro’s;romanian;centre;moderate
 Grace and Gamble;romanian;centre;expensive
 Slug and Roach;romanian;bombay;cheap
 Shout;romanian;bombay;moderate
 Bad Dog;romanian;bombay;expensive
 Fat and the Otter;romanian;madrid;cheap
 Eat & Wet;romanian;madrid;moderate
Liquid Radiant;romanian;madrid;expensive
Little Dostoevsky;romanian;london;cheap
Little Mussolini;romanian;london;moderate
Lizzie Borden’s;romanian;london;expensive
Loaf Around;romanian;rome;cheap
Loca Mocha;romanian;rome;moderate
Local Motive;romanian;rome;expensive
Lolita Proud;portuguese;south;cheap
Looping Buddha;portuguese;south;moderate
Loopy Tuna;portuguese;south;expensive
Lord Chuby Cheeks;portuguese;west;cheap
Lord Martini;portuguese;west;moderate
Lost In Pizza;portuguese;west;expensive
Lotus Boogie;portuguese;north;cheap
Lotuscany;portuguese;north;moderate
Lounge Potato;portuguese;north;expensive
Love Me Rwanda;portuguese;east;cheap
Lox and Bandwidth;portuguese;east;moderate
L-Spot;portuguese;east;expensive
Lunch Rumi;portuguese;centre;cheap
Lunchpad;portuguese;centre;moderate
Lunchpod;portuguese;centre;expensive
Lustrio;portuguese;bombay;cheap
Lyria;portuguese;bombay;moderate
Lyricalia;portuguese;bombay;expensive
Mad Beef;portuguese;madrid;cheap
Madam Curry;portuguese;madrid;moderate
Magma;portuguese;madrid;expensive
Magma Radiant;portuguese;london;cheap
Magnemo;portuguese;london;moderate
Maguey;portuguese;london;expensive
Mammy’s Yammys;portuguese;rome;cheap
Mangelica;portuguese;rome;moderate
Mango Mango;portuguese;rome;expensive
Mantiquilla;tuscan;south;cheap
Mantis;tuscan;south;moderate
Mantro;tuscan;south;expensive
Maple Thor;tuscan;west;cheap
Mardi Grub;tuscan;west;moderate
Martha’s Rump Roast;tuscan;west;expensive
Marvane;tuscan;north;cheap
Masquerade;tuscan;north;moderate
Matre Deviant;tuscan;north;expensive
Matre Devious;tuscan;east;cheap
Mauve Lava;tuscan;east;moderate
Mauve Rocket;tuscan;east;expensive
Max Diablo’s;tuscan;centre;cheap
Max Five;tuscan;centre;moderate
Maximum Sandwich;tuscan;centre;expensive
Mazaltov Cocktail;tuscan;bombay;cheap
McStarbucs;tuscan;bombay;moderate
Me First Cafe;tuscan;bombay;expensive
Meat Bomb;tuscan;madrid;cheap
Meat Wagon;tuscan;madrid;moderate
Meaty Boy;tuscan;madrid;expensive
Megall;tuscan;london;cheap
Melting Spot;tuscan;london;moderate
Memnonia;tuscan;london;expensive
Menthol;tuscan;rome;cheap
Meow;tuscan;rome;moderate
Meow Meow;tuscan;rome;expensive
Meshugga Inn;indonesian;south;cheap
microVerse;indonesian;south;moderate
Milk Machine;indonesian;south;expensive
Millennarita;indonesian;west;cheap
Millennium Sandwich;indonesian;west;moderate
Mind Music;indonesian;west;expensive
Minga;indonesian;north;cheap
Mini Bar;indonesian;north;moderate
Minsk Meat;indonesian;north;expensive
Mint Dynasty;indonesian;east;cheap
Mississippi Burnin’ B.B.Q;indonesian;east;moderate
Mister;indonesian;east;expensive
Misty August Morning;indonesian;centre;cheap
Mixers;indonesian;centre;moderate
Mocha Loco;indonesian;centre;expensive
Molten Tacos;indonesian;bombay;cheap
Mom’s;indonesian;bombay;moderate
Mondo Bocci;indonesian;bombay;expensive
Mongerfish;indonesian;madrid;cheap
Monisphere;indonesian;madrid;moderate
Montauk Mantra;indonesian;madrid;expensive
Mood Alter;indonesian;london;cheap
Moose Toe;indonesian;london;moderate
Moral Cowboy;indonesian;london;expensive
Moreganic;indonesian;rome;cheap
Mosher;indonesian;rome;moderate
Mother Cabrini;indonesian;rome;expensive
Mother Flickers’ Hot Spot;australian;south;cheap
Mountain Edge;australian;south;moderate
Mr. Beans;australian;south;expensive
Mr. Demeanor’s;australian;west;cheap
Mr. Juice;australian;west;moderate
Multiple Cake;australian;west;expensive
Muscle Bar;australian;north;cheap
Mute Burger;australian;north;moderate
Mutton Chops;australian;north;expensive
My Bad;australian;east;cheap
Mystic Zilla;australian;east;moderate
Nada;australian;east;expensive
Naked Lunch;australian;centre;cheap
Namedness;australian;centre;moderate
Nanna Banana;australian;centre;expensive
Nasdaquiri;australian;bombay;cheap
Nastenka;australian;bombay;moderate
Ndoor;australian;bombay;expensive
Neau Whirled;australian;madrid;cheap
Nectar;australian;madrid;moderate
Nectarine;australian;madrid;expensive
Neitsche Bagel;australian;london;cheap
Neitsche Bandwidth;australian;london;moderate
Neitsche Burger;australian;london;expensive
Neitsche Forest;australian;rome;cheap
Neon;australian;rome;moderate
Nerd;australian;rome;expensive
Net Exit;crossover;south;cheap
Neteria;crossover;south;moderate
Netplosion;crossover;south;expensive
Netur;crossover;west;cheap
Neuroma;crossover;west;moderate
Neutrino;crossover;west;expensive
New Orlean’s Lean or New Cuisine;crossover;north;cheap
New Whirled;crossover;north;moderate
New York Cab;crossover;north;expensive
Nibbles;crossover;east;cheap
Nob Hill;crossover;east;moderate
Nolo Contendre;crossover;east;expensive
Norse;crossover;centre;cheap
North Quark;crossover;centre;moderate
Capers;crossover;centre;expensive
Capricorn;crossover;bombay;cheap
Captain Fennel;crossover;bombay;moderate
Captain Sincerity;crossover;bombay;expensive
Carbo Lode;crossover;madrid;cheap
Carnal Cafe;crossover;madrid;moderate
Carnal Sanders;crossover;madrid;expensive
Carnivore Heaven;crossover;london;cheap
Carnivortex;crossover;london;moderate
Carrot Smiles;crossover;london;expensive
Caruso;crossover;rome;cheap
Carver’s Cut;crossover;rome;moderate
Cash;crossover;rome;expensive
Cash Cow;swiss;south;cheap
Cattle on Fire;swiss;south;moderate
Cattle Prod;swiss;south;expensive
Celery Dreams;swiss;west;cheap
Celeste;swiss;west;moderate
Celestial Pudding;swiss;west;expensive
Cellular Cafe;swiss;north;cheap
Central Pork;swiss;north;moderate
Chalk and Stars;swiss;north;expensive
Chap and Spur;swiss;east;cheap
Chateau Low-blow;swiss;east;moderate
Chaucer’s Choice;swiss;east;expensive
Cheeky;swiss;centre;cheap
Cheese Picnic;swiss;centre;moderate
CheeseQuest;swiss;centre;expensive
Cheeze Panic;swiss;bombay;cheap
Chen On Soso;swiss;bombay;moderate
Chernobyl;swiss;bombay;expensive
Chevre;swiss;madrid;cheap
Chew;swiss;madrid;moderate
Chez Castaway;swiss;madrid;expensive
Chez Kicks;swiss;london;cheap
Chez Maggie;swiss;london;moderate
Chez Moi;swiss;london;expensive
Chez Naïveté;swiss;rome;cheap
Chez Too;swiss;rome;moderate
Chiggers;swiss;rome;expensive
Chin Chin;singaporean;south;cheap
Chipotle Power;singaporean;south;moderate
Chocolate Bondage;singaporean;south;expensive
Chocolate Mussolini;singaporean;west;cheap
Chomsky;singaporean;west;moderate
Choo Choo;singaporean;west;expensive
Chorus;singaporean;north;cheap
Christian Cuisine;singaporean;north;moderate
Chrysalida;singaporean;north;expensive
Chung King Chow Down;singaporean;east;cheap
Chunk City;singaporean;east;moderate
Churros Welcome;singaporean;east;expensive
Ciao Beefeater;singaporean;centre;cheap
Ciao Buddha;singaporean;centre;moderate
Ciàobama;singaporean;centre;expensive
Cinesanct;singaporean;bombay;cheap
Circula;singaporean;bombay;moderate
City of Fish;singaporean;bombay;expensive
Civil Libation;singaporean;madrid;cheap
Clam Chop;singaporean;madrid;moderate
Clarko;singaporean;madrid;expensive
Class Wire;singaporean;london;cheap
Classio;singaporean;london;moderate
Clobbered!;singaporean;london;expensive
Clovis and Charley;singaporean;rome;cheap
Clown School;singaporean;rome;moderate
Club Guru;singaporean;rome;expensive
Club Hell Yea;irish;south;cheap
Club Soba;irish;south;moderate
Club Soma;irish;south;expensive
Clutch;irish;west;cheap
Coash;irish;west;moderate
Coffee Beacon;irish;west;expensive
Coffee By Appointment;irish;north;cheap
Coffee Cat;irish;north;moderate
Coffee Cobbler;irish;north;expensive
Coffee Conundrum;irish;east;cheap
Coffee Corral;irish;east;moderate
Coffee Cousins;irish;east;expensive
Coffee Farm;irish;centre;cheap
Coffee Galaxy;irish;centre;moderate
Coffee King;irish;centre;expensive
Coffee Korner;irish;bombay;cheap
Coffee Lodge;irish;bombay;moderate
Coffee Matrix;irish;bombay;expensive
Coffee Menagerie;irish;madrid;cheap
Coffee Oasis;irish;madrid;moderate
Coffee Panache;irish;madrid;expensive
Coffee Patch;irish;london;cheap
Coffee Planet;irish;london;moderate
Coffee Ranch;irish;london;expensive
Coffee RoundUp;irish;rome;cheap
Coffee Science;irish;rome;moderate
Coffee Squad;irish;rome;expensive
Coffee Time;cantonese;south;cheap
Coffee Trip;cantonese;south;moderate
Coffee Tsunami;cantonese;south;expensive
Coffee Universe;cantonese;west;cheap
Coffee Vibe;cantonese;west;moderate
Coffee World;cantonese;west;expensive
Coffee Zone;cantonese;north;cheap
Coffee-Go-Round;cantonese;north;moderate
Coffeeplosion;cantonese;north;expensive
Coffee’s Ready!;cantonese;east;cheap
Coffeescape;cantonese;east;moderate
Colony Clutch;cantonese;east;expensive
Coma Tostada;cantonese;centre;cheap
Comfidant;cantonese;centre;moderate
Comgo;cantonese;centre;expensive
Comnivorous;cantonese;bombay;cheap
Complete Meat;cantonese;bombay;moderate
Compost Office;cantonese;bombay;expensive
Concorsica;cantonese;madrid;cheap
Condimantra;cantonese;madrid;moderate
Conduit;cantonese;madrid;expensive
Coney Island Minibars;cantonese;london;cheap
Confection Detection;cantonese;london;moderate
Confection Direction;cantonese;london;expensive
Constant Cafe;cantonese;rome;cheap
Constant Coffee;cantonese;rome;moderate
Constant Taco;cantonese;rome;expensive
Cool Tofu;austrian;south;cheap
Cooper’s Hunan;austrian;south;moderate
Corepan;austrian;south;expensive
Corn Dog Social;austrian;west;cheap
Corn Husk Cafe;austrian;west;moderate
Corndog House;austrian;west;expensive
Corn-Fed Beef Bowl;austrian;north;cheap
Cornpone Castle;austrian;north;moderate
Cosmetallic;austrian;north;expensive
Could Be Worse;austrian;east;cheap
Counter Coutier;austrian;east;moderate
Countless Ours;austrian;east;expensive
Coup de Veal;austrian;centre;cheap
Cowtown;austrian;centre;moderate
Crab and Kitten;austrian;centre;expensive
Crab and Prawn;austrian;bombay;cheap
Crabernacle;austrian;bombay;moderate
Crab-ola;austrian;bombay;expensive
Crush Station;austrian;madrid;cheap
Crustacean Prince;austrian;madrid;moderate
Crustacia;austrian;madrid;expensive
Crustatia;austrian;london;cheap
Crux Tux;austrian;london;moderate
C-Theory;austrian;london;expensive
Cthulhu’s Kitchen;austrian;rome;cheap
Cubi;austrian;rome;moderate
Culinary Desert;austrian;rome;expensive
Culinary Oriental Cuisine;german;south;cheap
Cup and Chaucer;german;south;moderate
Curb Appeal;german;south;expensive
Curly Fries;german;west;cheap
Curmudgeon Cafe;german;west;moderate
Cut Fastball;german;west;expensive
Cyclonica;german;north;cheap
Dag Nabbit;german;north;moderate
Dandelar;german;north;expensive
Dandelar’s;german;east;cheap
Dandelion Greens;german;east;moderate
Darvane;german;east;expensive
Dear Meat;german;centre;cheap
Delicatessen Style;german;centre;moderate
Derail;german;centre;expensive
Dervish;german;bombay;cheap
Desert Drips;german;bombay;moderate
Devil’s Laundromat;german;bombay;expensive
Digging my Truffles;german;madrid;cheap
Digital Planet;german;madrid;moderate
Dijon Bomb;german;madrid;expensive
Dim Summit;german;london;cheap
Dimple’s;german;london;moderate
Dingo;german;london;expensive
Dirty Laundry;german;rome;cheap
Diseasia;german;rome;moderate
Dizé;german;rome;expensive
Django;basque;south;cheap
Django’s;basque;south;moderate
Doc Hollandaise;basque;south;expensive
Doctor Coffee;basque;west;cheap
Dogtown;basque;west;moderate
Dolly Random;basque;west;expensive
Domina;basque;north;cheap
Donut Babe;basque;north;moderate
Donut District;basque;north;expensive
Dostoevsky;basque;east;cheap
Dot Candy;basque;east;moderate
Dot Compadre;basque;east;expensive
Dote;basque;centre;cheap
Double Felix;basque;centre;moderate
Double Jump;basque;centre;expensive
Dream Cafe;basque;bombay;cheap
Dreamia;basque;bombay;moderate
Drive Vibe;basque;bombay;expensive
Drunken Conundrum;basque;madrid;cheap
Dude Raunch;basque;madrid;moderate
Dumpty’s;basque;madrid;expensive
Dune Drops;basque;london;cheap
Dutch Oven Gretel;basque;london;moderate
Ear Roast;basque;london;expensive
Earthpure;basque;rome;cheap
Earth’s Salad;basque;rome;moderate
Easy Bake;basque;rome;expensive
