name,cuisine,location,price
,creative,south,cheap
,creative,south,moderate
,creative,south,expensive
,creative,west,cheap
,creative,west,moderate
,creative,west,expensive
,creative,north,cheap
,creative,north,moderate
,creative,north,expensive
,creative,east,cheap
,creative,east,moderate
,creative,east,expensive
,creative,centre,cheap
,creative,centre,moderate
,creative,centre,expensive
,creative,bombay,cheap
,creative,bombay,moderate
,creative,bombay,expensive
,creative,madrid,cheap
,creative,madrid,moderate
,creative,madrid,expensive
,creative,london,cheap
,creative,london,moderate
,creative,london,expensive
,creative,rome,cheap
,creative,rome,moderate
,creative,rome,expensive
,modern european,south,cheap
,modern european,south,moderate
,modern european,south,expensive
,modern european,west,cheap
,modern european,west,moderate
,modern european,west,expensive
,modern european,north,cheap
,modern european,north,moderate
,modern european,north,expensive
,modern european,east,cheap
,modern european,east,moderate
,modern european,east,expensive
,modern european,centre,cheap
,modern european,centre,moderate
,modern european,centre,expensive
,modern european,bombay,cheap
,modern european,bombay,moderate
,modern european,bombay,expensive
,modern european,madrid,cheap
,modern european,madrid,moderate
,modern european,madrid,expensive
,modern european,london,cheap
,modern european,london,moderate
,modern european,london,expensive
,modern european,rome,cheap
,modern european,rome,moderate
,modern european,rome,expensive
,venetian,south,cheap
,venetian,south,moderate
,venetian,south,expensive
,venetian,west,cheap
,venetian,west,moderate
,venetian,west,expensive
,venetian,north,cheap
,venetian,north,moderate
,venetian,north,expensive
,venetian,east,cheap
,venetian,east,moderate
,venetian,east,expensive
,venetian,centre,cheap
,venetian,centre,moderate
,venetian,centre,expensive
,venetian,bombay,cheap
,venetian,bombay,moderate
,venetian,bombay,expensive
,venetian,madrid,cheap
,venetian,madrid,moderate
,venetian,madrid,expensive
,venetian,london,cheap
,venetian,london,moderate
,venetian,london,expensive
,venetian,rome,cheap
,venetian,rome,moderate
,venetian,rome,expensive
,indian,south,cheap
,indian,south,moderate
,indian,south,expensive
,indian,west,cheap
,indian,west,moderate
,indian,west,expensive
,indian,north,cheap
,indian,north,moderate
,indian,north,expensive
,indian,east,cheap
,indian,east,moderate
,indian,east,expensive
,indian,centre,cheap
,indian,centre,moderate
,indian,centre,expensive
,indian,bombay,cheap
,indian,bombay,moderate
,indian,bombay,expensive
,indian,madrid,cheap
,indian,madrid,moderate
,indian,madrid,expensive
,indian,london,cheap
,indian,london,moderate
,indian,london,expensive
,indian,rome,cheap
,indian,rome,moderate
,indian,rome,expensive
,welsh,south,cheap
,welsh,south,moderate
,welsh,south,expensive
,welsh,west,cheap
,welsh,west,moderate
,welsh,west,expensive
,welsh,north,cheap
,welsh,north,moderate
,welsh,north,expensive
,welsh,east,cheap
,welsh,east,moderate
,welsh,east,expensive
,welsh,centre,cheap
,welsh,centre,moderate
,welsh,centre,expensive
,welsh,bombay,cheap
,welsh,bombay,moderate
,welsh,bombay,expensive
,welsh,madrid,cheap
,welsh,madrid,moderate
,welsh,madrid,expensive
,welsh,london,cheap
,welsh,london,moderate
,welsh,london,expensive
,welsh,rome,cheap
,welsh,rome,moderate
,welsh,rome,expensive
,british,south,cheap
,british,south,moderate
,british,south,expensive
,british,west,cheap
,british,west,moderate
,british,west,expensive
,british,north,cheap
,british,north,moderate
,british,north,expensive
,british,east,cheap
,british,east,moderate
,british,east,expensive
,british,centre,cheap
,british,centre,moderate
,british,centre,expensive
,british,bombay,cheap
,british,bombay,moderate
,british,bombay,expensive
,british,madrid,cheap
,british,madrid,moderate
,british,madrid,expensive
,british,london,cheap
,british,london,moderate
,british,london,expensive
,british,rome,cheap
,british,rome,moderate
,british,rome,expensive
,scandinavian,south,cheap
,scandinavian,south,moderate
,scandinavian,south,expensive
,scandinavian,west,cheap
,scandinavian,west,moderate
,scandinavian,west,expensive
,scandinavian,north,cheap
,scandinavian,north,moderate
,scandinavian,north,expensive
,scandinavian,east,cheap
,scandinavian,east,moderate
,scandinavian,east,expensive
,scandinavian,centre,cheap
,scandinavian,centre,moderate
,scandinavian,centre,expensive
,scandinavian,bombay,cheap
,scandinavian,bombay,moderate
,scandinavian,bombay,expensive
,scandinavian,madrid,cheap
,scandinavian,madrid,moderate
,scandinavian,madrid,expensive
,scandinavian,london,cheap
,scandinavian,london,moderate
,scandinavian,london,expensive
,scandinavian,rome,cheap
,scandinavian,rome,moderate
,scandinavian,rome,expensive
,asian oriental,south,cheap
,asian oriental,south,moderate
,asian oriental,south,expensive
,asian oriental,west,cheap
,asian oriental,west,moderate
,asian oriental,west,expensive
,asian oriental,north,cheap
,asian oriental,north,moderate
,asian oriental,north,expensive
,asian oriental,east,cheap
,asian oriental,east,moderate
,asian oriental,east,expensive
,asian oriental,centre,cheap
,asian oriental,centre,moderate
,asian oriental,centre,expensive
,asian oriental,bombay,cheap
,asian oriental,bombay,moderate
,asian oriental,bombay,expensive
,asian oriental,madrid,cheap
,asian oriental,madrid,moderate
,asian oriental,madrid,expensive
,asian oriental,london,cheap
,asian oriental,london,moderate
,asian oriental,london,expensive
,asian oriental,rome,cheap
,asian oriental,rome,moderate
,asian oriental,rome,expensive
,afghan,south,cheap
,afghan,south,moderate
,afghan,south,expensive
,afghan,west,cheap
,afghan,west,moderate
,afghan,west,expensive
,afghan,north,cheap
,afghan,north,moderate
,afghan,north,expensive
,afghan,east,cheap
,afghan,east,moderate
,afghan,east,expensive
,afghan,centre,cheap
,afghan,centre,moderate
,afghan,centre,expensive
,afghan,bombay,cheap
,afghan,bombay,moderate
,afghan,bombay,expensive
,afghan,madrid,cheap
,afghan,madrid,moderate
,afghan,madrid,expensive
,afghan,london,cheap
,afghan,london,moderate
,afghan,london,expensive
,afghan,rome,cheap
,afghan,rome,moderate
,afghan,rome,expensive
,european,south,cheap
,european,south,moderate
,european,south,expensive
,european,west,cheap
,european,west,moderate
,european,west,expensive
,european,north,cheap
,european,north,moderate
,european,north,expensive
,european,east,cheap
,european,east,moderate
,european,east,expensive
,european,centre,cheap
,european,centre,moderate
,european,centre,expensive
,european,bombay,cheap
,european,bombay,moderate
,european,bombay,expensive
,european,madrid,cheap
,european,madrid,moderate
,european,madrid,expensive
,european,london,cheap
,european,london,moderate
,european,london,expensive
,european,rome,cheap
,european,rome,moderate
,european,rome,expensive
,brazilian,south,cheap
,brazilian,south,moderate
,brazilian,south,expensive
,brazilian,west,cheap
,brazilian,west,moderate
,brazilian,west,expensive
,brazilian,north,cheap
,brazilian,north,moderate
,brazilian,north,expensive
,brazilian,east,cheap
,brazilian,east,moderate
,brazilian,east,expensive
,brazilian,centre,cheap
,brazilian,centre,moderate
,brazilian,centre,expensive
,brazilian,bombay,cheap
,brazilian,bombay,moderate
,brazilian,bombay,expensive
,brazilian,madrid,cheap
,brazilian,madrid,moderate
,brazilian,madrid,expensive
,brazilian,london,cheap
,brazilian,london,moderate
,brazilian,london,expensive
,brazilian,rome,cheap
,brazilian,rome,moderate
,brazilian,rome,expensive
,chinese,south,cheap
,chinese,south,moderate
,chinese,south,expensive
,chinese,west,cheap
,chinese,west,moderate
,chinese,west,expensive
,chinese,north,cheap
,chinese,north,moderate
,chinese,north,expensive
,chinese,east,cheap
,chinese,east,moderate
,chinese,east,expensive
,chinese,centre,cheap
,chinese,centre,moderate
,chinese,centre,expensive
,chinese,bombay,cheap
,chinese,bombay,moderate
,chinese,bombay,expensive
,chinese,madrid,cheap
,chinese,madrid,moderate
,chinese,madrid,expensive
,chinese,london,cheap
,chinese,london,moderate
,chinese,london,expensive
,chinese,rome,cheap
,chinese,rome,moderate
,chinese,rome,expensive
,greek,south,cheap
,greek,south,moderate
,greek,south,expensive
,greek,west,cheap
,greek,west,moderate
,greek,west,expensive
,greek,north,cheap
,greek,north,moderate
,greek,north,expensive
,greek,east,cheap
,greek,east,moderate
,greek,east,expensive
,greek,centre,cheap
,greek,centre,moderate
,greek,centre,expensive
,greek,bombay,cheap
,greek,bombay,moderate
,greek,bombay,expensive
,greek,madrid,cheap
,greek,madrid,moderate
,greek,madrid,expensive
,greek,london,cheap
,greek,london,moderate
,greek,london,expensive
,greek,rome,cheap
,greek,rome,moderate
,greek,rome,expensive
,thai,south,cheap
,thai,south,moderate
,thai,south,expensive
,thai,west,cheap
,thai,west,moderate
,thai,west,expensive
,thai,north,cheap
,thai,north,moderate
,thai,north,expensive
,thai,east,cheap
,thai,east,moderate
,thai,east,expensive
,thai,centre,cheap
,thai,centre,moderate
,thai,centre,expensive
,thai,bombay,cheap
,thai,bombay,moderate
,thai,bombay,expensive
,thai,madrid,cheap
,thai,madrid,moderate
,thai,madrid,expensive
,thai,london,cheap
,thai,london,moderate
,thai,london,expensive
,thai,rome,cheap
,thai,rome,moderate
,thai,rome,expensive
,vegetarian,south,cheap
,vegetarian,south,moderate
,vegetarian,south,expensive
,vegetarian,west,cheap
,vegetarian,west,moderate
,vegetarian,west,expensive
,vegetarian,north,cheap
,vegetarian,north,moderate
,vegetarian,north,expensive
,vegetarian,east,cheap
,vegetarian,east,moderate
,vegetarian,east,expensive
,vegetarian,centre,cheap
,vegetarian,centre,moderate
,vegetarian,centre,expensive
,vegetarian,bombay,cheap
,vegetarian,bombay,moderate
,vegetarian,bombay,expensive
,vegetarian,madrid,cheap
,vegetarian,madrid,moderate
,vegetarian,madrid,expensive
,vegetarian,london,cheap
,vegetarian,london,moderate
,vegetarian,london,expensive
,vegetarian,rome,cheap
,vegetarian,rome,moderate
,vegetarian,rome,expensive
,turkish,south,cheap
,turkish,south,moderate
,turkish,south,expensive
,turkish,west,cheap
,turkish,west,moderate
,turkish,west,expensive
,turkish,north,cheap
,turkish,north,moderate
,turkish,north,expensive
,turkish,east,cheap
,turkish,east,moderate
,turkish,east,expensive
,turkish,centre,cheap
,turkish,centre,moderate
,turkish,centre,expensive
,turkish,bombay,cheap
,turkish,bombay,moderate
,turkish,bombay,expensive
,turkish,madrid,cheap
,turkish,madrid,moderate
,turkish,madrid,expensive
,turkish,london,cheap
,turkish,london,moderate
,turkish,london,expensive
,turkish,rome,cheap
,turkish,rome,moderate
,turkish,rome,expensive
,scottish,south,cheap
,scottish,south,moderate
,scottish,south,expensive
,scottish,west,cheap
,scottish,west,moderate
,scottish,west,expensive
,scottish,north,cheap
,scottish,north,moderate
,scottish,north,expensive
,scottish,east,cheap
,scottish,east,moderate
,scottish,east,expensive
,scottish,centre,cheap
,scottish,centre,moderate
,scottish,centre,expensive
,scottish,bombay,cheap
,scottish,bombay,moderate
,scottish,bombay,expensive
,scottish,madrid,cheap
,scottish,madrid,moderate
,scottish,madrid,expensive
,scottish,london,cheap
,scottish,london,moderate
,scottish,london,expensive
,scottish,rome,cheap
,scottish,rome,moderate
,scottish,rome,expensive
,caribbean,south,cheap
,caribbean,south,moderate
,caribbean,south,expensive
,caribbean,west,cheap
,caribbean,west,moderate
,caribbean,west,expensive
,caribbean,north,cheap
,caribbean,north,moderate
,caribbean,north,expensive
,caribbean,east,cheap
,caribbean,east,moderate
,caribbean,east,expensive
,caribbean,centre,cheap
,caribbean,centre,moderate
,caribbean,centre,expensive
,caribbean,bombay,cheap
,caribbean,bombay,moderate
,caribbean,bombay,expensive
,caribbean,madrid,cheap
,caribbean,madrid,moderate
,caribbean,madrid,expensive
,caribbean,london,cheap
,caribbean,london,moderate
,caribbean,london,expensive
,caribbean,rome,cheap
,caribbean,rome,moderate
,caribbean,rome,expensive
,spanish,south,cheap
,spanish,south,moderate
,spanish,south,expensive
,spanish,west,cheap
,spanish,west,moderate
,spanish,west,expensive
,spanish,north,cheap
,spanish,north,moderate
,spanish,north,expensive
,spanish,east,cheap
,spanish,east,moderate
,spanish,east,expensive
,spanish,centre,cheap
,spanish,centre,moderate
,spanish,centre,expensive
,spanish,bombay,cheap
,spanish,bombay,moderate
,spanish,bombay,expensive
,spanish,madrid,cheap
,spanish,madrid,moderate
,spanish,madrid,expensive
,spanish,london,cheap
,spanish,london,moderate
,spanish,london,expensive
,spanish,rome,cheap
,spanish,rome,moderate
,spanish,rome,expensive
,malaysian,south,cheap
,malaysian,south,moderate
,malaysian,south,expensive
,malaysian,west,cheap
,malaysian,west,moderate
,malaysian,west,expensive
,malaysian,north,cheap
,malaysian,north,moderate
,malaysian,north,expensive
,malaysian,east,cheap
,malaysian,east,moderate
,malaysian,east,expensive
,malaysian,centre,cheap
,malaysian,centre,moderate
,malaysian,centre,expensive
,malaysian,bombay,cheap
,malaysian,bombay,moderate
,malaysian,bombay,expensive
,malaysian,madrid,cheap
,malaysian,madrid,moderate
,malaysian,madrid,expensive
,malaysian,london,cheap
,malaysian,london,moderate
,malaysian,london,expensive
,malaysian,rome,cheap
,malaysian,rome,moderate
,malaysian,rome,expensive
,mediterranean,south,cheap
,mediterranean,south,moderate
,mediterranean,south,expensive
,mediterranean,west,cheap
,mediterranean,west,moderate
,mediterranean,west,expensive
,mediterranean,north,cheap
,mediterranean,north,moderate
,mediterranean,north,expensive
,mediterranean,east,cheap
,mediterranean,east,moderate
,mediterranean,east,expensive
,mediterranean,centre,cheap
,mediterranean,centre,moderate
,mediterranean,centre,expensive
,mediterranean,bombay,cheap
,mediterranean,bombay,moderate
,mediterranean,bombay,expensive
,mediterranean,madrid,cheap
,mediterranean,madrid,moderate
,mediterranean,madrid,expensive
,mediterranean,london,cheap
,mediterranean,london,moderate
,mediterranean,london,expensive
,mediterranean,rome,cheap
,mediterranean,rome,moderate
,mediterranean,rome,expensive
,international,south,cheap
,international,south,moderate
,international,south,expensive
,international,west,cheap
,international,west,moderate
,international,west,expensive
,international,north,cheap
,international,north,moderate
,international,north,expensive
,international,east,cheap
,international,east,moderate
,international,east,expensive
,international,centre,cheap
,international,centre,moderate
,international,centre,expensive
,international,bombay,cheap
,international,bombay,moderate
,international,bombay,expensive
,international,madrid,cheap
,international,madrid,moderate
,international,madrid,expensive
,international,london,cheap
,international,london,moderate
,international,london,expensive
,international,rome,cheap
,international,rome,moderate
,international,rome,expensive
,danish,south,cheap
,danish,south,moderate
,danish,south,expensive
,danish,west,cheap
,danish,west,moderate
,danish,west,expensive
,danish,north,cheap
,danish,north,moderate
,danish,north,expensive
,danish,east,cheap
,danish,east,moderate
,danish,east,expensive
,danish,centre,cheap
,danish,centre,moderate
,danish,centre,expensive
,danish,bombay,cheap
,danish,bombay,moderate
,danish,bombay,expensive
,danish,madrid,cheap
,danish,madrid,moderate
,danish,madrid,expensive
,danish,london,cheap
,danish,london,moderate
,danish,london,expensive
,danish,rome,cheap
,danish,rome,moderate
,danish,rome,expensive
,korean,south,cheap
,korean,south,moderate
,korean,south,expensive
,korean,west,cheap
,korean,west,moderate
,korean,west,expensive
,korean,north,cheap
,korean,north,moderate
,korean,north,expensive
,korean,east,cheap
,korean,east,moderate
,korean,east,expensive
,korean,centre,cheap
,korean,centre,moderate
,korean,centre,expensive
,korean,bombay,cheap
,korean,bombay,moderate
,korean,bombay,expensive
,korean,madrid,cheap
,korean,madrid,moderate
,korean,madrid,expensive
,korean,london,cheap
,korean,london,moderate
,korean,london,expensive
,korean,rome,cheap
,korean,rome,moderate
,korean,rome,expensive
,polish,south,cheap
,polish,south,moderate
,polish,south,expensive
,polish,west,cheap
,polish,west,moderate
,polish,west,expensive
,polish,north,cheap
,polish,north,moderate
,polish,north,expensive
,polish,east,cheap
,polish,east,moderate
,polish,east,expensive
,polish,centre,cheap
,polish,centre,moderate
,polish,centre,expensive
,polish,bombay,cheap
,polish,bombay,moderate
,polish,bombay,expensive
,polish,madrid,cheap
,polish,madrid,moderate
,polish,madrid,expensive
,polish,london,cheap
,polish,london,moderate
,polish,london,expensive
,polish,rome,cheap
,polish,rome,moderate
,polish,rome,expensive
,italian,south,cheap
,italian,south,moderate
,italian,south,expensive
,italian,west,cheap
,italian,west,moderate
,italian,west,expensive
,italian,north,cheap
,italian,north,moderate
,italian,north,expensive
,italian,east,cheap
,italian,east,moderate
,italian,east,expensive
,italian,centre,cheap
,italian,centre,moderate
,italian,centre,expensive
,italian,bombay,cheap
,italian,bombay,moderate
,italian,bombay,expensive
,italian,madrid,cheap
,italian,madrid,moderate
,italian,madrid,expensive
,italian,london,cheap
,italian,london,moderate
,italian,london,expensive
,italian,rome,cheap
,italian,rome,moderate
,italian,rome,expensive
,mexican,south,cheap
,mexican,south,moderate
,mexican,south,expensive
,mexican,west,cheap
,mexican,west,moderate
,mexican,west,expensive
,mexican,north,cheap
,mexican,north,moderate
,mexican,north,expensive
,mexican,east,cheap
,mexican,east,moderate
,mexican,east,expensive
,mexican,centre,cheap
,mexican,centre,moderate
,mexican,centre,expensive
,mexican,bombay,cheap
,mexican,bombay,moderate
,mexican,bombay,expensive
,mexican,madrid,cheap
,mexican,madrid,moderate
,mexican,madrid,expensive
,mexican,london,cheap
,mexican,london,moderate
,mexican,london,expensive
,mexican,rome,cheap
,mexican,rome,moderate
,mexican,rome,expensive
,halal,south,cheap
,halal,south,moderate
,halal,south,expensive
,halal,west,cheap
,halal,west,moderate
,halal,west,expensive
,halal,north,cheap
,halal,north,moderate
,halal,north,expensive
,halal,east,cheap
,halal,east,moderate
,halal,east,expensive
,halal,centre,cheap
,halal,centre,moderate
,halal,centre,expensive
,halal,bombay,cheap
,halal,bombay,moderate
,halal,bombay,expensive
,halal,madrid,cheap
,halal,madrid,moderate
,halal,madrid,expensive
,halal,london,cheap
,halal,london,moderate
,halal,london,expensive
,halal,rome,cheap
,halal,rome,moderate
,halal,rome,expensive
,persian,south,cheap
,persian,south,moderate
,persian,south,expensive
,persian,west,cheap
,persian,west,moderate
,persian,west,expensive
,persian,north,cheap
,persian,north,moderate
,persian,north,expensive
,persian,east,cheap
,persian,east,moderate
,persian,east,expensive
,persian,centre,cheap
,persian,centre,moderate
,persian,centre,expensive
,persian,bombay,cheap
,persian,bombay,moderate
,persian,bombay,expensive
,persian,madrid,cheap
,persian,madrid,moderate
,persian,madrid,expensive
,persian,london,cheap
,persian,london,moderate
,persian,london,expensive
,persian,rome,cheap
,persian,rome,moderate
,persian,rome,expensive
,polynesian,south,cheap
,polynesian,south,moderate
,polynesian,south,expensive
,polynesian,west,cheap
,polynesian,west,moderate
,polynesian,west,expensive
,polynesian,north,cheap
,polynesian,north,moderate
,polynesian,north,expensive
,polynesian,east,cheap
,polynesian,east,moderate
,polynesian,east,expensive
,polynesian,centre,cheap
,polynesian,centre,moderate
,polynesian,centre,expensive
,polynesian,bombay,cheap
,polynesian,bombay,moderate
,polynesian,bombay,expensive
,polynesian,madrid,cheap
,polynesian,madrid,moderate
,polynesian,madrid,expensive
,polynesian,london,cheap
,polynesian,london,moderate
,polynesian,london,expensive
,polynesian,rome,cheap
,polynesian,rome,moderate
,polynesian,rome,expensive
,corsica,south,cheap
,corsica,south,moderate
,corsica,south,expensive
,corsica,west,cheap
,corsica,west,moderate
,corsica,west,expensive
,corsica,north,cheap
,corsica,north,moderate
,corsica,north,expensive
,corsica,east,cheap
,corsica,east,moderate
,corsica,east,expensive
,corsica,centre,cheap
,corsica,centre,moderate
,corsica,centre,expensive
,corsica,bombay,cheap
,corsica,bombay,moderate
,corsica,bombay,expensive
,corsica,madrid,cheap
,corsica,madrid,moderate
,corsica,madrid,expensive
,corsica,london,cheap
,corsica,london,moderate
,corsica,london,expensive
,corsica,rome,cheap
,corsica,rome,moderate
,corsica,rome,expensive
,english,south,cheap
,english,south,moderate
,english,south,expensive
,english,west,cheap
,english,west,moderate
,english,west,expensive
,english,north,cheap
,english,north,moderate
,english,north,expensive
,english,east,cheap
,english,east,moderate
,english,east,expensive
,english,centre,cheap
,english,centre,moderate
,english,centre,expensive
,english,bombay,cheap
,english,bombay,moderate
,english,bombay,expensive
,english,madrid,cheap
,english,madrid,moderate
,english,madrid,expensive
,english,london,cheap
,english,london,moderate
,english,london,expensive
,english,rome,cheap
,english,rome,moderate
,english,rome,expensive
,vietnamese,south,cheap
,vietnamese,south,moderate
,vietnamese,south,expensive
,vietnamese,west,cheap
,vietnamese,west,moderate
,vietnamese,west,expensive
,vietnamese,north,cheap
,vietnamese,north,moderate
,vietnamese,north,expensive
,vietnamese,east,cheap
,vietnamese,east,moderate
,vietnamese,east,expensive
,vietnamese,centre,cheap
,vietnamese,centre,moderate
,vietnamese,centre,expensive
,vietnamese,bombay,cheap
,vietnamese,bombay,moderate
,vietnamese,bombay,expensive
,vietnamese,madrid,cheap
,vietnamese,madrid,moderate
,vietnamese,madrid,expensive
,vietnamese,london,cheap
,vietnamese,london,moderate
,vietnamese,london,expensive
,vietnamese,rome,cheap
,vietnamese,rome,moderate
,vietnamese,rome,expensive
,unusual,south,cheap
,unusual,south,moderate
,unusual,south,expensive
,unusual,west,cheap
,unusual,west,moderate
,unusual,west,expensive
,unusual,north,cheap
,unusual,north,moderate
,unusual,north,expensive
,unusual,east,cheap
,unusual,east,moderate
,unusual,east,expensive
,unusual,centre,cheap
,unusual,centre,moderate
,unusual,centre,expensive
,unusual,bombay,cheap
,unusual,bombay,moderate
,unusual,bombay,expensive
,unusual,madrid,cheap
,unusual,madrid,moderate
,unusual,madrid,expensive
,unusual,london,cheap
,unusual,london,moderate
,unusual,london,expensive
,unusual,rome,cheap
,unusual,rome,moderate
,unusual,rome,expensive
,russian,south,cheap
,russian,south,moderate
,russian,south,expensive
,russian,west,cheap
,russian,west,moderate
,russian,west,expensive
,russian,north,cheap
,russian,north,moderate
,russian,north,expensive
,russian,east,cheap
,russian,east,moderate
,russian,east,expensive
,russian,centre,cheap
,russian,centre,moderate
,russian,centre,expensive
,russian,bombay,cheap
,russian,bombay,moderate
,russian,bombay,expensive
,russian,madrid,cheap
,russian,madrid,moderate
,russian,madrid,expensive
,russian,london,cheap
,russian,london,moderate
,russian,london,expensive
,russian,rome,cheap
,russian,rome,moderate
,russian,rome,expensive
,bistro,south,cheap
,bistro,south,moderate
,bistro,south,expensive
,bistro,west,cheap
,bistro,west,moderate
,bistro,west,expensive
,bistro,north,cheap
,bistro,north,moderate
,bistro,north,expensive
,bistro,east,cheap
,bistro,east,moderate
,bistro,east,expensive
,bistro,centre,cheap
,bistro,centre,moderate
,bistro,centre,expensive
,bistro,bombay,cheap
,bistro,bombay,moderate
,bistro,bombay,expensive
,bistro,madrid,cheap
,bistro,madrid,moderate
,bistro,madrid,expensive
,bistro,london,cheap
,bistro,london,moderate
,bistro,london,expensive
,bistro,rome,cheap
,bistro,rome,moderate
,bistro,rome,expensive
,steakhouse,south,cheap
,steakhouse,south,moderate
,steakhouse,south,expensive
,steakhouse,west,cheap
,steakhouse,west,moderate
,steakhouse,west,expensive
,steakhouse,north,cheap
,steakhouse,north,moderate
,steakhouse,north,expensive
,steakhouse,east,cheap
,steakhouse,east,moderate
,steakhouse,east,expensive
,steakhouse,centre,cheap
,steakhouse,centre,moderate
,steakhouse,centre,expensive
,steakhouse,bombay,cheap
,steakhouse,bombay,moderate
,steakhouse,bombay,expensive
,steakhouse,madrid,cheap
,steakhouse,madrid,moderate
,steakhouse,madrid,expensive
,steakhouse,london,cheap
,steakhouse,london,moderate
,steakhouse,london,expensive
,steakhouse,rome,cheap
,steakhouse,rome,moderate
,steakhouse,rome,expensive
,belgian,south,cheap
,belgian,south,moderate
,belgian,south,expensive
,belgian,west,cheap
,belgian,west,moderate
,belgian,west,expensive
,belgian,north,cheap
,belgian,north,moderate
,belgian,north,expensive
,belgian,east,cheap
,belgian,east,moderate
,belgian,east,expensive
,belgian,centre,cheap
,belgian,centre,moderate
,belgian,centre,expensive
,belgian,bombay,cheap
,belgian,bombay,moderate
,belgian,bombay,expensive
,belgian,madrid,cheap
,belgian,madrid,moderate
,belgian,madrid,expensive
,belgian,london,cheap
,belgian,london,moderate
,belgian,london,expensive
,belgian,rome,cheap
,belgian,rome,moderate
,belgian,rome,expensive
,gastropub,south,cheap
,gastropub,south,moderate
,gastropub,south,expensive
,gastropub,west,cheap
,gastropub,west,moderate
,gastropub,west,expensive
,gastropub,north,cheap
,gastropub,north,moderate
,gastropub,north,expensive
,gastropub,east,cheap
,gastropub,east,moderate
,gastropub,east,expensive
,gastropub,centre,cheap
,gastropub,centre,moderate
,gastropub,centre,expensive
,gastropub,bombay,cheap
,gastropub,bombay,moderate
,gastropub,bombay,expensive
,gastropub,madrid,cheap
,gastropub,madrid,moderate
,gastropub,madrid,expensive
,gastropub,london,cheap
,gastropub,london,moderate
,gastropub,london,expensive
,gastropub,rome,cheap
,gastropub,rome,moderate
,gastropub,rome,expensive
,canapes,south,cheap
,canapes,south,moderate
,canapes,south,expensive
,canapes,west,cheap
,canapes,west,moderate
,canapes,west,expensive
,canapes,north,cheap
,canapes,north,moderate
,canapes,north,expensive
,canapes,east,cheap
,canapes,east,moderate
,canapes,east,expensive
,canapes,centre,cheap
,canapes,centre,moderate
,canapes,centre,expensive
,canapes,bombay,cheap
,canapes,bombay,moderate
,canapes,bombay,expensive
,canapes,madrid,cheap
,canapes,madrid,moderate
,canapes,madrid,expensive
,canapes,london,cheap
,canapes,london,moderate
,canapes,london,expensive
,canapes,rome,cheap
,canapes,rome,moderate
,canapes,rome,expensive
,african,south,cheap
,african,south,moderate
,african,south,expensive
,african,west,cheap
,african,west,moderate
,african,west,expensive
,african,north,cheap
,african,north,moderate
,african,north,expensive
,african,east,cheap
,african,east,moderate
,african,east,expensive
,african,centre,cheap
,african,centre,moderate
,african,centre,expensive
,african,bombay,cheap
,african,bombay,moderate
,african,bombay,expensive
,african,madrid,cheap
,african,madrid,moderate
,african,madrid,expensive
,african,london,cheap
,african,london,moderate
,african,london,expensive
,african,rome,cheap
,african,rome,moderate
,african,rome,expensive
,swedish,south,cheap
,swedish,south,moderate
,swedish,south,expensive
,swedish,west,cheap
,swedish,west,moderate
,swedish,west,expensive
,swedish,north,cheap
,swedish,north,moderate
,swedish,north,expensive
,swedish,east,cheap
,swedish,east,moderate
,swedish,east,expensive
,swedish,centre,cheap
,swedish,centre,moderate
,swedish,centre,expensive
,swedish,bombay,cheap
,swedish,bombay,moderate
,swedish,bombay,expensive
,swedish,madrid,cheap
,swedish,madrid,moderate
,swedish,madrid,expensive
,swedish,london,cheap
,swedish,london,moderate
,swedish,london,expensive
,swedish,rome,cheap
,swedish,rome,moderate
,swedish,rome,expensive
,lebanese,south,cheap
,lebanese,south,moderate
,lebanese,south,expensive
,lebanese,west,cheap
,lebanese,west,moderate
,lebanese,west,expensive
,lebanese,north,cheap
,lebanese,north,moderate
,lebanese,north,expensive
,lebanese,east,cheap
,lebanese,east,moderate
,lebanese,east,expensive
,lebanese,centre,cheap
,lebanese,centre,moderate
,lebanese,centre,expensive
,lebanese,bombay,cheap
,lebanese,bombay,moderate
,lebanese,bombay,expensive
,lebanese,madrid,cheap
,lebanese,madrid,moderate
,lebanese,madrid,expensive
,lebanese,london,cheap
,lebanese,london,moderate
,lebanese,london,expensive
,lebanese,rome,cheap
,lebanese,rome,moderate
,lebanese,rome,expensive
,fusion,south,cheap
,fusion,south,moderate
,fusion,south,expensive
,fusion,west,cheap
,fusion,west,moderate
,fusion,west,expensive
,fusion,north,cheap
,fusion,north,moderate
,fusion,north,expensive
,fusion,east,cheap
,fusion,east,moderate
,fusion,east,expensive
,fusion,centre,cheap
,fusion,centre,moderate
,fusion,centre,expensive
,fusion,bombay,cheap
,fusion,bombay,moderate
,fusion,bombay,expensive
,fusion,madrid,cheap
,fusion,madrid,moderate
,fusion,madrid,expensive
,fusion,london,cheap
,fusion,london,moderate
,fusion,london,expensive
,fusion,rome,cheap
,fusion,rome,moderate
,fusion,rome,expensive
,traditional,south,cheap
,traditional,south,moderate
,traditional,south,expensive
,traditional,west,cheap
,traditional,west,moderate
,traditional,west,expensive
,traditional,north,cheap
,traditional,north,moderate
,traditional,north,expensive
,traditional,east,cheap
,traditional,east,moderate
,traditional,east,expensive
,traditional,centre,cheap
,traditional,centre,moderate
,traditional,centre,expensive
,traditional,bombay,cheap
,traditional,bombay,moderate
,traditional,bombay,expensive
,traditional,madrid,cheap
,traditional,madrid,moderate
,traditional,madrid,expensive
,traditional,london,cheap
,traditional,london,moderate
,traditional,london,expensive
,traditional,rome,cheap
,traditional,rome,moderate
,traditional,rome,expensive
,seafood,south,cheap
,seafood,south,moderate
,seafood,south,expensive
,seafood,west,cheap
,seafood,west,moderate
,seafood,west,expensive
,seafood,north,cheap
,seafood,north,moderate
,seafood,north,expensive
,seafood,east,cheap
,seafood,east,moderate
,seafood,east,expensive
,seafood,centre,cheap
,seafood,centre,moderate
,seafood,centre,expensive
,seafood,bombay,cheap
,seafood,bombay,moderate
,seafood,bombay,expensive
,seafood,madrid,cheap
,seafood,madrid,moderate
,seafood,madrid,expensive
,seafood,london,cheap
,seafood,london,moderate
,seafood,london,expensive
,seafood,rome,cheap
,seafood,rome,moderate
,seafood,rome,expensive
,world,south,cheap
,world,south,moderate
,world,south,expensive
,world,west,cheap
,world,west,moderate
,world,west,expensive
,world,north,cheap
,world,north,moderate
,world,north,expensive
,world,east,cheap
,world,east,moderate
,world,east,expensive
,world,centre,cheap
,world,centre,moderate
,world,centre,expensive
,world,bombay,cheap
,world,bombay,moderate
,world,bombay,expensive
,world,madrid,cheap
,world,madrid,moderate
,world,madrid,expensive
,world,london,cheap
,world,london,moderate
,world,london,expensive
,world,rome,cheap
,world,rome,moderate
,world,rome,expensive
,moroccan,south,cheap
,moroccan,south,moderate
,moroccan,south,expensive
,moroccan,west,cheap
,moroccan,west,moderate
,moroccan,west,expensive
,moroccan,north,cheap
,moroccan,north,moderate
,moroccan,north,expensive
,moroccan,east,cheap
,moroccan,east,moderate
,moroccan,east,expensive
,moroccan,centre,cheap
,moroccan,centre,moderate
,moroccan,centre,expensive
,moroccan,bombay,cheap
,moroccan,bombay,moderate
,moroccan,bombay,expensive
,moroccan,madrid,cheap
,moroccan,madrid,moderate
,moroccan,madrid,expensive
,moroccan,london,cheap
,moroccan,london,moderate
,moroccan,london,expensive
,moroccan,rome,cheap
,moroccan,rome,moderate
,moroccan,rome,expensive
,hungarian,south,cheap
,hungarian,south,moderate
,hungarian,south,expensive
,hungarian,west,cheap
,hungarian,west,moderate
,hungarian,west,expensive
,hungarian,north,cheap
,hungarian,north,moderate
,hungarian,north,expensive
,hungarian,east,cheap
,hungarian,east,moderate
,hungarian,east,expensive
,hungarian,centre,cheap
,hungarian,centre,moderate
,hungarian,centre,expensive
,hungarian,bombay,cheap
,hungarian,bombay,moderate
,hungarian,bombay,expensive
,hungarian,madrid,cheap
,hungarian,madrid,moderate
,hungarian,madrid,expensive
,hungarian,london,cheap
,hungarian,london,moderate
,hungarian,london,expensive
,hungarian,rome,cheap
,hungarian,rome,moderate
,hungarian,rome,expensive
,catalan,south,cheap
,catalan,south,moderate
,catalan,south,expensive
,catalan,west,cheap
,catalan,west,moderate
,catalan,west,expensive
,catalan,north,cheap
,catalan,north,moderate
,catalan,north,expensive
,catalan,east,cheap
,catalan,east,moderate
,catalan,east,expensive
,catalan,centre,cheap
,catalan,centre,moderate
,catalan,centre,expensive
,catalan,bombay,cheap
,catalan,bombay,moderate
,catalan,bombay,expensive
,catalan,madrid,cheap
,catalan,madrid,moderate
,catalan,madrid,expensive
,catalan,london,cheap
,catalan,london,moderate
,catalan,london,expensive
,catalan,rome,cheap
,catalan,rome,moderate
,catalan,rome,expensive
,jamaican,south,cheap
,jamaican,south,moderate
,jamaican,south,expensive
,jamaican,west,cheap
,jamaican,west,moderate
,jamaican,west,expensive
,jamaican,north,cheap
,jamaican,north,moderate
,jamaican,north,expensive
,jamaican,east,cheap
,jamaican,east,moderate
,jamaican,east,expensive
,jamaican,centre,cheap
,jamaican,centre,moderate
,jamaican,centre,expensive
,jamaican,bombay,cheap
,jamaican,bombay,moderate
,jamaican,bombay,expensive
,jamaican,madrid,cheap
,jamaican,madrid,moderate
,jamaican,madrid,expensive
,jamaican,london,cheap
,jamaican,london,moderate
,jamaican,london,expensive
,jamaican,rome,cheap
,jamaican,rome,moderate
,jamaican,rome,expensive
,kosher,south,cheap
,kosher,south,moderate
,kosher,south,expensive
,kosher,west,cheap
,kosher,west,moderate
,kosher,west,expensive
,kosher,north,cheap
,kosher,north,moderate
,kosher,north,expensive
,kosher,east,cheap
,kosher,east,moderate
,kosher,east,expensive
,kosher,centre,cheap
,kosher,centre,moderate
,kosher,centre,expensive
,kosher,bombay,cheap
,kosher,bombay,moderate
,kosher,bombay,expensive
,kosher,madrid,cheap
,kosher,madrid,moderate
,kosher,madrid,expensive
,kosher,london,cheap
,kosher,london,moderate
,kosher,london,expensive
,kosher,rome,cheap
,kosher,rome,moderate
,kosher,rome,expensive
,japanese,south,cheap
,japanese,south,moderate
,japanese,south,expensive
,japanese,west,cheap
,japanese,west,moderate
,japanese,west,expensive
,japanese,north,cheap
,japanese,north,moderate
,japanese,north,expensive
,japanese,east,cheap
,japanese,east,moderate
,japanese,east,expensive
,japanese,centre,cheap
,japanese,centre,moderate
,japanese,centre,expensive
,japanese,bombay,cheap
,japanese,bombay,moderate
,japanese,bombay,expensive
,japanese,madrid,cheap
,japanese,madrid,moderate
,japanese,madrid,expensive
,japanese,london,cheap
,japanese,london,moderate
,japanese,london,expensive
,japanese,rome,cheap
,japanese,rome,moderate
,japanese,rome,expensive
,christmas,south,cheap
,christmas,south,moderate
,christmas,south,expensive
,christmas,west,cheap
,christmas,west,moderate
,christmas,west,expensive
,christmas,north,cheap
,christmas,north,moderate
,christmas,north,expensive
,christmas,east,cheap
,christmas,east,moderate
,christmas,east,expensive
,christmas,centre,cheap
,christmas,centre,moderate
,christmas,centre,expensive
,christmas,bombay,cheap
,christmas,bombay,moderate
,christmas,bombay,expensive
,christmas,madrid,cheap
,christmas,madrid,moderate
,christmas,madrid,expensive
,christmas,london,cheap
,christmas,london,moderate
,christmas,london,expensive
,christmas,rome,cheap
,christmas,rome,moderate
,christmas,rome,expensive
,cuban,south,cheap
,cuban,south,moderate
,cuban,south,expensive
,cuban,west,cheap
,cuban,west,moderate
,cuban,west,expensive
,cuban,north,cheap
,cuban,north,moderate
,cuban,north,expensive
,cuban,east,cheap
,cuban,east,moderate
,cuban,east,expensive
,cuban,centre,cheap
,cuban,centre,moderate
,cuban,centre,expensive
,cuban,bombay,cheap
,cuban,bombay,moderate
,cuban,bombay,expensive
,cuban,madrid,cheap
,cuban,madrid,moderate
,cuban,madrid,expensive
,cuban,london,cheap
,cuban,london,moderate
,cuban,london,expensive
,cuban,rome,cheap
,cuban,rome,moderate
,cuban,rome,expensive
,north american,south,cheap
,north american,south,moderate
,north american,south,expensive
,north american,west,cheap
,north american,west,moderate
,north american,west,expensive
,north american,north,cheap
,north american,north,moderate
,north american,north,expensive
,north american,east,cheap
,north american,east,moderate
,north american,east,expensive
,north american,centre,cheap
,north american,centre,moderate
,north american,centre,expensive
,north american,bombay,cheap
,north american,bombay,moderate
,north american,bombay,expensive
,north american,madrid,cheap
,north american,madrid,moderate
,north american,madrid,expensive
,north american,london,cheap
,north american,london,moderate
,north american,london,expensive
,north american,rome,cheap
,north american,rome,moderate
,north american,rome,expensive
,french,south,cheap
,french,south,moderate
,french,south,expensive
,french,west,cheap
,french,west,moderate
,french,west,expensive
,french,north,cheap
,french,north,moderate
,french,north,expensive
,french,east,cheap
,french,east,moderate
,french,east,expensive
,french,centre,cheap
,french,centre,moderate
,french,centre,expensive
,french,bombay,cheap
,french,bombay,moderate
,french,bombay,expensive
,french,madrid,cheap
,french,madrid,moderate
,french,madrid,expensive
,french,london,cheap
,french,london,moderate
,french,london,expensive
,french,rome,cheap
,french,rome,moderate
,french,rome,expensive
,romanian,south,cheap
,romanian,south,moderate
,romanian,south,expensive
,romanian,west,cheap
,romanian,west,moderate
,romanian,west,expensive
,romanian,north,cheap
,romanian,north,moderate
,romanian,north,expensive
,romanian,east,cheap
,romanian,east,moderate
,romanian,east,expensive
,romanian,centre,cheap
,romanian,centre,moderate
,romanian,centre,expensive
,romanian,bombay,cheap
,romanian,bombay,moderate
,romanian,bombay,expensive
,romanian,madrid,cheap
,romanian,madrid,moderate
,romanian,madrid,expensive
,romanian,london,cheap
,romanian,london,moderate
,romanian,london,expensive
,romanian,rome,cheap
,romanian,rome,moderate
,romanian,rome,expensive
,portuguese,south,cheap
,portuguese,south,moderate
,portuguese,south,expensive
,portuguese,west,cheap
,portuguese,west,moderate
,portuguese,west,expensive
,portuguese,north,cheap
,portuguese,north,moderate
,portuguese,north,expensive
,portuguese,east,cheap
,portuguese,east,moderate
,portuguese,east,expensive
,portuguese,centre,cheap
,portuguese,centre,moderate
,portuguese,centre,expensive
,portuguese,bombay,cheap
,portuguese,bombay,moderate
,portuguese,bombay,expensive
,portuguese,madrid,cheap
,portuguese,madrid,moderate
,portuguese,madrid,expensive
,portuguese,london,cheap
,portuguese,london,moderate
,portuguese,london,expensive
,portuguese,rome,cheap
,portuguese,rome,moderate
,portuguese,rome,expensive
,tuscan,south,cheap
,tuscan,south,moderate
,tuscan,south,expensive
,tuscan,west,cheap
,tuscan,west,moderate
,tuscan,west,expensive
,tuscan,north,cheap
,tuscan,north,moderate
,tuscan,north,expensive
,tuscan,east,cheap
,tuscan,east,moderate
,tuscan,east,expensive
,tuscan,centre,cheap
,tuscan,centre,moderate
,tuscan,centre,expensive
,tuscan,bombay,cheap
,tuscan,bombay,moderate
,tuscan,bombay,expensive
,tuscan,madrid,cheap
,tuscan,madrid,moderate
,tuscan,madrid,expensive
,tuscan,london,cheap
,tuscan,london,moderate
,tuscan,london,expensive
,tuscan,rome,cheap
,tuscan,rome,moderate
,tuscan,rome,expensive
,indonesian,south,cheap
,indonesian,south,moderate
,indonesian,south,expensive
,indonesian,west,cheap
,indonesian,west,moderate
,indonesian,west,expensive
,indonesian,north,cheap
,indonesian,north,moderate
,indonesian,north,expensive
,indonesian,east,cheap
,indonesian,east,moderate
,indonesian,east,expensive
,indonesian,centre,cheap
,indonesian,centre,moderate
,indonesian,centre,expensive
,indonesian,bombay,cheap
,indonesian,bombay,moderate
,indonesian,bombay,expensive
,indonesian,madrid,cheap
,indonesian,madrid,moderate
,indonesian,madrid,expensive
,indonesian,london,cheap
,indonesian,london,moderate
,indonesian,london,expensive
,indonesian,rome,cheap
,indonesian,rome,moderate
,indonesian,rome,expensive
,australian,south,cheap
,australian,south,moderate
,australian,south,expensive
,australian,west,cheap
,australian,west,moderate
,australian,west,expensive
,australian,north,cheap
,australian,north,moderate
,australian,north,expensive
,australian,east,cheap
,australian,east,moderate
,australian,east,expensive
,australian,centre,cheap
,australian,centre,moderate
,australian,centre,expensive
,australian,bombay,cheap
,australian,bombay,moderate
,australian,bombay,expensive
,australian,madrid,cheap
,australian,madrid,moderate
,australian,madrid,expensive
,australian,london,cheap
,australian,london,moderate
,australian,london,expensive
,australian,rome,cheap
,australian,rome,moderate
,australian,rome,expensive
,crossover,south,cheap
,crossover,south,moderate
,crossover,south,expensive
,crossover,west,cheap
,crossover,west,moderate
,crossover,west,expensive
,crossover,north,cheap
,crossover,north,moderate
,crossover,north,expensive
,crossover,east,cheap
,crossover,east,moderate
,crossover,east,expensive
,crossover,centre,cheap
,crossover,centre,moderate
,crossover,centre,expensive
,crossover,bombay,cheap
,crossover,bombay,moderate
,crossover,bombay,expensive
,crossover,madrid,cheap
,crossover,madrid,moderate
,crossover,madrid,expensive
,crossover,london,cheap
,crossover,london,moderate
,crossover,london,expensive
,crossover,rome,cheap
,crossover,rome,moderate
,crossover,rome,expensive
,swiss,south,cheap
,swiss,south,moderate
,swiss,south,expensive
,swiss,west,cheap
,swiss,west,moderate
,swiss,west,expensive
,swiss,north,cheap
,swiss,north,moderate
,swiss,north,expensive
,swiss,east,cheap
,swiss,east,moderate
,swiss,east,expensive
,swiss,centre,cheap
,swiss,centre,moderate
,swiss,centre,expensive
,swiss,bombay,cheap
,swiss,bombay,moderate
,swiss,bombay,expensive
,swiss,madrid,cheap
,swiss,madrid,moderate
,swiss,madrid,expensive
,swiss,london,cheap
,swiss,london,moderate
,swiss,london,expensive
,swiss,rome,cheap
,swiss,rome,moderate
,swiss,rome,expensive
,singaporean,south,cheap
,singaporean,south,moderate
,singaporean,south,expensive
,singaporean,west,cheap
,singaporean,west,moderate
,singaporean,west,expensive
,singaporean,north,cheap
,singaporean,north,moderate
,singaporean,north,expensive
,singaporean,east,cheap
,singaporean,east,moderate
,singaporean,east,expensive
,singaporean,centre,cheap
,singaporean,centre,moderate
,singaporean,centre,expensive
,singaporean,bombay,cheap
,singaporean,bombay,moderate
,singaporean,bombay,expensive
,singaporean,madrid,cheap
,singaporean,madrid,moderate
,singaporean,madrid,expensive
,singaporean,london,cheap
,singaporean,london,moderate
,singaporean,london,expensive
,singaporean,rome,cheap
,singaporean,rome,moderate
,singaporean,rome,expensive
,irish,south,cheap
,irish,south,moderate
,irish,south,expensive
,irish,west,cheap
,irish,west,moderate
,irish,west,expensive
,irish,north,cheap
,irish,north,moderate
,irish,north,expensive
,irish,east,cheap
,irish,east,moderate
,irish,east,expensive
,irish,centre,cheap
,irish,centre,moderate
,irish,centre,expensive
,irish,bombay,cheap
,irish,bombay,moderate
,irish,bombay,expensive
,irish,madrid,cheap
,irish,madrid,moderate
,irish,madrid,expensive
,irish,london,cheap
,irish,london,moderate
,irish,london,expensive
,irish,rome,cheap
,irish,rome,moderate
,irish,rome,expensive
,cantonese,south,cheap
,cantonese,south,moderate
,cantonese,south,expensive
,cantonese,west,cheap
,cantonese,west,moderate
,cantonese,west,expensive
,cantonese,north,cheap
,cantonese,north,moderate
,cantonese,north,expensive
,cantonese,east,cheap
,cantonese,east,moderate
,cantonese,east,expensive
,cantonese,centre,cheap
,cantonese,centre,moderate
,cantonese,centre,expensive
,cantonese,bombay,cheap
,cantonese,bombay,moderate
,cantonese,bombay,expensive
,cantonese,madrid,cheap
,cantonese,madrid,moderate
,cantonese,madrid,expensive
,cantonese,london,cheap
,cantonese,london,moderate
,cantonese,london,expensive
,cantonese,rome,cheap
,cantonese,rome,moderate
,cantonese,rome,expensive
,austrian,south,cheap
,austrian,south,moderate
,austrian,south,expensive
,austrian,west,cheap
,austrian,west,moderate
,austrian,west,expensive
,austrian,north,cheap
,austrian,north,moderate
,austrian,north,expensive
,austrian,east,cheap
,austrian,east,moderate
,austrian,east,expensive
,austrian,centre,cheap
,austrian,centre,moderate
,austrian,centre,expensive
,austrian,bombay,cheap
,austrian,bombay,moderate
,austrian,bombay,expensive
,austrian,madrid,cheap
,austrian,madrid,moderate
,austrian,madrid,expensive
,austrian,london,cheap
,austrian,london,moderate
,austrian,london,expensive
,austrian,rome,cheap
,austrian,rome,moderate
,austrian,rome,expensive
,german,south,cheap
,german,south,moderate
,german,south,expensive
,german,west,cheap
,german,west,moderate
,german,west,expensive
,german,north,cheap
,german,north,moderate
,german,north,expensive
,german,east,cheap
,german,east,moderate
,german,east,expensive
,german,centre,cheap
,german,centre,moderate
,german,centre,expensive
,german,bombay,cheap
,german,bombay,moderate
,german,bombay,expensive
,german,madrid,cheap
,german,madrid,moderate
,german,madrid,expensive
,german,london,cheap
,german,london,moderate
,german,london,expensive
,german,rome,cheap
,german,rome,moderate
,german,rome,expensive
,basque,south,cheap
,basque,south,moderate
,basque,south,expensive
,basque,west,cheap
,basque,west,moderate
,basque,west,expensive
,basque,north,cheap
,basque,north,moderate
,basque,north,expensive
,basque,east,cheap
,basque,east,moderate
,basque,east,expensive
,basque,centre,cheap
,basque,centre,moderate
,basque,centre,expensive
,basque,bombay,cheap
,basque,bombay,moderate
,basque,bombay,expensive
,basque,madrid,cheap
,basque,madrid,moderate
,basque,madrid,expensive
,basque,london,cheap
,basque,london,moderate
,basque,london,expensive
,basque,rome,cheap
,basque,rome,moderate
,basque,rome,expensive
